day,entry_tier,dir,entry_price,pnl,peak,held,exit_reason,timestamp
2025_01_03,MTF_EXHAUSTION,short,21381.25,0.0,0.0,1,mtf_mean,1735920300.0
2025_01_06,MTF_EXHAUSTION,short,21683.75,6.0,23.0,60,mtf_mean,1736172900.0
2025_01_06,MTF_EXHAUSTION,short,21721.25,-5.5,5.0,60,mtf_mean,1736189100.0
2025_01_07,MTF_EXHAUSTION,short,21733.75,30.0,63.5,60,giveback,1736260500.0
2025_01_07,MTF_EXHAUSTION,short,21767.0,111.0,111.5,48,mtf_1m_exhausted,1736261700.0
2025_01_07,MTF_EXHAUSTION,short,21653.25,11.5,62.5,36,giveback,1736262000.0
2025_01_07,MTF_EXHAUSTION,short,21549.25,234.5,234.5,120,mtf_1m_exhausted,1736263800.0
2025_01_07,MTF_EXHAUSTION,short,21522.25,-40.5,59.0,108,giveback,1736267400.0
2025_01_07,MTF_EXHAUSTION,short,21484.25,86.5,86.5,84,mtf_mean,1736268600.0
2025_01_08,MTF_EXHAUSTION,short,21351.25,26.5,67.0,96,giveback,1736337600.0
2025_01_08,MTF_EXHAUSTION,short,21312.0,-3.0,0.0,12,mtf_mean,1736356200.0
2025_01_08,MTF_EXHAUSTION,short,21366.75,0.0,0.0,1,mtf_mean,1736361900.0
2025_01_10,MTF_EXHAUSTION,short,21154.5,110.5,174.0,60,mtf_5m_reaccel,1736515800.0
2025_01_10,MTF_EXHAUSTION,short,21133.0,0.0,0.0,1,mtf_mean,1736517300.0
2025_01_10,MTF_EXHAUSTION,short,21159.5,-45.5,35.5,36,giveback,1736519400.0
2025_01_10,MTF_EXHAUSTION,short,21146.75,95.5,122.0,84,mtf_mean,1736519700.0
2025_01_10,MTF_EXHAUSTION,short,21133.5,183.0,205.5,60,mtf_mean,1736520300.0
2025_01_10,MTF_EXHAUSTION,short,20979.0,59.0,79.5,60,mtf_5m_reaccel,1736521200.0
2025_01_10,MTF_EXHAUSTION,short,21068.0,108.0,108.0,60,mtf_5m_reaccel,1736524200.0
2025_01_10,MTF_EXHAUSTION,short,20926.0,50.0,53.0,96,mtf_mean,1736528100.0
2025_01_10,MTF_EXHAUSTION,short,21157.0,162.0,190.0,132,mtf_mean,1736535600.0
2025_01_10,MTF_EXHAUSTION,short,21091.75,31.5,59.5,72,mtf_mean,1736535900.0
2025_01_13,MTF_EXHAUSTION,short,20784.0,169.0,169.0,192,mtf_mean,1736758800.0
2025_01_13,MTF_EXHAUSTION,short,20793.25,0.0,0.0,12,mtf_1m_exhausted,1736787000.0
2025_01_13,MTF_EXHAUSTION,short,20757.25,22.5,64.5,84,giveback,1736787300.0
2025_01_14,MTF_EXHAUSTION,short,21092.25,34.0,71.5,48,giveback,1736865900.0
2025_01_14,MTF_EXHAUSTION,short,21058.0,77.5,103.0,72,mtf_mean,1736866200.0
2025_01_14,MTF_EXHAUSTION,short,20988.5,13.5,13.5,12,mtf_mean,1736869500.0
2025_01_14,MTF_EXHAUSTION,short,20955.75,49.5,49.5,60,mtf_5m_reaccel,1736870100.0
2025_01_14,MTF_EXHAUSTION,short,20847.75,50.0,65.5,36,mtf_mean,1736884800.0
2025_01_15,MTF_EXHAUSTION,short,21314.75,35.0,69.5,72,mtf_mean,1736958600.0
2025_01_16,MTF_EXHAUSTION,short,21464.5,50.0,90.5,72,mtf_1m_exhausted,1737037800.0
2025_01_16,MTF_EXHAUSTION,short,21394.75,22.0,22.0,12,mtf_mean,1737040200.0
2025_01_16,MTF_EXHAUSTION,short,21393.75,0.0,0.0,1,mtf_mean,1737041100.0
2025_01_16,MTF_EXHAUSTION,short,21272.25,68.0,90.0,132,mtf_1m_exhausted,1737060900.0
2025_01_17,MTF_EXHAUSTION,short,21548.0,40.0,119.5,108,giveback,1737127200.0
2025_01_21,MTF_EXHAUSTION,short,21630.25,108.5,188.5,60,mtf_5m_reaccel,1737420600.0
2025_01_21,MTF_EXHAUSTION,short,21701.0,138.0,201.0,120,mtf_5m_reaccel,1737470100.0
2025_01_26,MTF_EXHAUSTION,short,21695.0,-3.0,27.5,72,mtf_mean,1737932400.0
2025_01_27,MTF_EXHAUSTION,short,21347.75,10.5,31.5,60,giveback,1737962100.0
2025_01_27,MTF_EXHAUSTION,short,21312.0,18.5,56.0,72,giveback,1737964500.0
2025_01_27,MTF_EXHAUSTION,short,21241.25,20.5,43.5,36,giveback,1737965700.0
2025_01_27,MTF_EXHAUSTION,short,21100.25,53.5,72.5,72,mtf_mean,1737972900.0
2025_01_27,MTF_EXHAUSTION,short,21060.25,82.0,116.5,72,mtf_mean,1737973800.0
2025_01_27,MTF_EXHAUSTION,short,20879.5,44.0,196.0,48,giveback,1737975000.0
2025_01_27,MTF_EXHAUSTION,short,20914.5,-69.0,0.0,36,mtf_1m_exhausted,1737977100.0
2025_01_27,MTF_EXHAUSTION,short,21248.25,58.5,59.0,72,mtf_1m_exhausted,1737994800.0
2025_01_27,MTF_EXHAUSTION,short,21237.75,13.5,13.5,24,mtf_mean,1737997500.0
2025_01_27,MTF_EXHAUSTION,short,21206.25,99.5,107.5,108,mtf_mean,1737999900.0
2025_01_28,MTF_EXHAUSTION,short,21323.0,25.5,55.5,168,giveback,1738051500.0
2025_01_29,MTF_EXHAUSTION,short,21583.5,36.0,91.5,60,giveback,1738161000.0
2025_01_29,MTF_EXHAUSTION,short,21416.5,-99.0,0.0,12,mtf_mean,1738177200.0
2025_01_29,MTF_EXHAUSTION,long,21410.75,256.0,256.0,60,mtf_5m_reaccel,1738179300.0
2025_01_29,MTF_EXHAUSTION,short,21479.0,46.0,126.0,72,giveback,1738184400.0
2025_01_30,MTF_EXHAUSTION,short,21645.5,79.5,133.0,72,mtf_mean,1738249200.0
2025_01_30,MTF_EXHAUSTION,short,21587.0,38.0,54.5,36,mtf_mean,1738250700.0
2025_01_31,MTF_EXHAUSTION,short,21840.75,1.0,33.0,24,giveback,1738347900.0
2025_01_31,MTF_EXHAUSTION,short,21803.5,50.5,115.5,60,giveback,1738348200.0
2025_01_31,MTF_EXHAUSTION,short,21727.75,27.5,78.5,60,giveback,1738350300.0
2025_01_31,MTF_EXHAUSTION,short,21712.75,0.0,0.0,1,mtf_mean,1738352100.0
2025_01_31,MTF_EXHAUSTION,short,21631.0,24.0,58.0,36,giveback,1738353600.0
2025_02_02,MTF_EXHAUSTION,short,20988.75,-161.0,0.0,57,hard_stop,1738537200.0
2025_02_03,MTF_EXHAUSTION,short,21085.75,-3.0,27.0,60,mtf_5m_reaccel,1738544700.0
2025_02_03,MTF_EXHAUSTION,long,21141.75,0.0,0.0,1,mtf_mean,1738569900.0
2025_02_03,MTF_EXHAUSTION,short,21202.0,39.0,39.0,12,mtf_mean,1738594800.0
2025_02_03,MTF_EXHAUSTION,short,21158.5,9.5,21.0,36,mtf_mean,1738595400.0
2025_02_03,MTF_EXHAUSTION,long,21327.5,0.5,52.0,60,giveback,1738596300.0
2025_02_03,MTF_EXHAUSTION,short,21478.5,32.5,62.5,96,mtf_mean,1738614300.0
2025_02_04,MTF_EXHAUSTION,short,21358.25,101.0,101.0,36,mtf_1m_exhausted,1738645500.0
2025_02_06,MTF_EXHAUSTION,short,21781.25,93.0,127.5,72,mtf_mean,1738870200.0
2025_02_07,MTF_EXHAUSTION,short,21838.0,97.0,169.5,72,mtf_mean,1738940400.0
2025_02_07,MTF_EXHAUSTION,short,21752.5,83.5,83.5,24,mtf_mean,1738941000.0
2025_02_07,MTF_EXHAUSTION,short,21789.0,187.5,282.0,60,mtf_5m_reaccel,1738943400.0
2025_02_07,MTF_EXHAUSTION,short,21701.0,0.0,0.0,1,mtf_mean,1738944000.0
2025_02_07,MTF_EXHAUSTION,short,21702.0,86.5,86.5,60,mtf_5m_reaccel,1738944600.0
2025_02_09,MTF_EXHAUSTION,short,21507.25,-64.5,0.0,36,mtf_mean,1739142000.0
2025_02_12,MTF_EXHAUSTION,short,21590.25,70.0,70.0,60,mtf_5m_reaccel,1739367000.0
2025_02_12,MTF_EXHAUSTION,short,21652.25,51.0,74.0,84,mtf_mean,1739372400.0
2025_02_18,MTF_EXHAUSTION,short,22202.0,20.5,52.0,72,giveback,1739889900.0
2025_02_21,MTF_EXHAUSTION,short,22160.0,0.0,43.0,24,giveback,1740148200.0
2025_02_21,MTF_EXHAUSTION,short,22170.5,47.5,47.5,12,mtf_mean,1740148500.0
2025_02_24,MTF_EXHAUSTION,short,21726.75,58.0,61.0,96,mtf_mean,1740407700.0
2025_02_24,MTF_EXHAUSTION,short,21674.75,172.0,172.0,60,mtf_5m_reaccel,1740408600.0
2025_02_24,MTF_EXHAUSTION,short,21547.25,56.5,80.5,60,mtf_mean,1740410700.0
2025_02_24,MTF_EXHAUSTION,short,21491.0,138.5,145.0,108,mtf_mean,1740430200.0
2025_02_25,MTF_EXHAUSTION,short,21372.25,23.0,72.5,36,giveback,1740493800.0
2025_02_25,MTF_EXHAUSTION,short,21342.75,0.0,0.0,1,mtf_mean,1740494400.0
2025_02_25,MTF_EXHAUSTION,short,21214.75,18.5,37.5,24,giveback,1740495600.0
2025_02_25,MTF_EXHAUSTION,short,21150.5,0.0,0.0,1,mtf_mean,1740496500.0
2025_02_25,MTF_EXHAUSTION,short,21137.5,0.0,0.0,1,mtf_mean,1740498900.0
2025_02_25,MTF_EXHAUSTION,short,21244.0,4.0,4.0,12,mtf_mean,1740515100.0
2025_02_25,MTF_EXHAUSTION,short,21161.5,24.0,24.0,24,mtf_mean,1740516600.0
2025_02_26,MTF_EXHAUSTION,short,21223.25,64.5,103.5,84,mtf_mean,1740594300.0
2025_02_26,MTF_EXHAUSTION,short,21109.0,19.5,49.0,24,giveback,1740596100.0
2025_02_26,MTF_EXHAUSTION,short,21220.5,14.5,36.5,24,giveback,1740605100.0
2025_02_26,MTF_EXHAUSTION,short,21252.25,23.5,35.5,124,mtf_mean,1740610800.0
2025_02_27,MTF_EXHAUSTION,long,21318.0,40.5,62.5,60,mtf_1m_exhausted,1740664800.0
2025_02_27,MTF_EXHAUSTION,short,21367.25,368.5,392.5,168,mtf_mean,1740666900.0
2025_02_27,MTF_EXHAUSTION,short,21274.75,183.5,207.5,108,mtf_mean,1740667200.0
2025_02_27,MTF_EXHAUSTION,short,21162.0,0.0,0.0,1,mtf_mean,1740667800.0
2025_02_27,MTF_EXHAUSTION,short,20875.25,29.0,98.5,60,giveback,1740684600.0
2025_02_27,MTF_EXHAUSTION,short,20818.25,105.0,150.5,84,mtf_mean,1740686400.0
2025_02_27,MTF_EXHAUSTION,short,20720.5,0.0,0.0,1,mtf_mean,1740687300.0
2025_02_28,MTF_EXHAUSTION,short,20651.5,89.0,95.5,84,mtf_1m_exhausted,1740744000.0
2025_02_28,MTF_EXHAUSTION,short,20665.5,58.0,58.0,60,mtf_5m_reaccel,1740755700.0
2025_02_28,MTF_EXHAUSTION,short,20736.0,72.5,111.5,108,mtf_mean,1740756900.0
2025_02_28,MTF_EXHAUSTION,short,20709.5,69.5,70.0,108,mtf_1m_exhausted,1740761700.0
2025_02_28,MTF_EXHAUSTION,short,20587.25,55.0,55.0,36,mtf_mean,1740765300.0
2025_02_28,MTF_EXHAUSTION,short,20743.25,-20.0,0.0,36,mtf_1m_exhausted,1740774600.0
2025_02_28,MTF_EXHAUSTION,long,20903.0,34.5,71.0,48,giveback,1740776100.0
2025_03_03,MTF_EXHAUSTION,short,21060.5,0.0,0.0,1,mtf_mean,1741012500.0
2025_03_03,MTF_EXHAUSTION,short,20884.75,44.0,116.0,36,giveback,1741013700.0
2025_03_03,MTF_EXHAUSTION,short,20928.5,66.5,108.0,120,mtf_mean,1741019100.0
2025_03_03,MTF_EXHAUSTION,short,20833.25,0.0,0.0,1,mtf_mean,1741024800.0
2025_03_03,MTF_EXHAUSTION,short,20788.25,103.5,103.5,72,mtf_mean,1741025100.0
2025_03_03,MTF_EXHAUSTION,short,20741.0,9.0,9.0,12,mtf_mean,1741026300.0
2025_03_03,MTF_EXHAUSTION,short,20740.25,6.5,57.5,72,giveback,1741029300.0
2025_03_03,MTF_EXHAUSTION,short,20770.25,255.5,308.5,120,mtf_5m_reaccel,1741031100.0
2025_03_03,MTF_EXHAUSTION,short,20733.0,181.0,234.0,60,mtf_5m_reaccel,1741031400.0
2025_03_03,MTF_EXHAUSTION,short,20573.25,81.5,109.0,60,mtf_5m_reaccel,1741032000.0
2025_03_03,MTF_EXHAUSTION,short,20487.0,16.5,89.0,60,giveback,1741032600.0
2025_03_03,MTF_EXHAUSTION,long,20492.5,-6.0,0.0,12,mtf_mean,1741035600.0
2025_03_04,MTF_EXHAUSTION,short,20460.75,63.5,63.5,60,mtf_1m_exhausted,1741089600.0
2025_03_04,MTF_EXHAUSTION,short,20347.75,37.5,72.5,60,mtf_5m_reaccel,1741091100.0
2025_03_04,MTF_EXHAUSTION,short,20369.75,17.0,53.5,96,giveback,1741097700.0
2025_03_04,MTF_EXHAUSTION,short,20220.0,79.0,79.0,36,mtf_mean,1741104900.0
2025_03_04,MTF_EXHAUSTION,long,20456.25,27.5,48.5,60,mtf_mean,1741111800.0
2025_03_04,MTF_EXHAUSTION,short,20470.0,0.0,0.0,1,mtf_mean,1741112100.0
2025_03_04,MTF_EXHAUSTION,short,20621.0,62.0,100.0,36,mtf_mean,1741116300.0
2025_03_04,MTF_EXHAUSTION,short,20708.75,241.0,298.5,120,mtf_5m_reaccel,1741119900.0
2025_03_04,MTF_EXHAUSTION,short,20630.5,84.5,142.0,60,mtf_5m_reaccel,1741120200.0
2025_03_04,MTF_EXHAUSTION,short,20381.0,22.0,96.5,36,giveback,1741121400.0
2025_03_04,MTF_EXHAUSTION,short,20537.5,46.0,86.0,132,mtf_mean,1741123800.0
2025_03_05,MTF_EXHAUSTION,short,20541.0,113.5,161.5,60,mtf_5m_reaccel,1741175400.0
2025_03_05,MTF_EXHAUSTION,short,20465.0,-1.0,37.5,60,giveback,1741180500.0
2025_03_05,MTF_EXHAUSTION,short,20412.25,89.0,89.0,60,mtf_5m_reaccel,1741187700.0
2025_03_05,MTF_EXHAUSTION,short,20362.0,9.5,14.5,36,mtf_1m_exhausted,1741190400.0
2025_03_05,MTF_EXHAUSTION,short,20307.5,23.5,72.0,36,giveback,1741191000.0
2025_03_05,MTF_EXHAUSTION,short,20283.75,13.0,13.0,12,mtf_mean,1741192200.0
2025_03_05,MTF_EXHAUSTION,short,20246.5,25.5,27.0,60,mtf_mean,1741192800.0
2025_03_05,MTF_EXHAUSTION,short,20705.75,0.0,0.0,1,mtf_mean,1741202100.0
2025_03_05,MTF_EXHAUSTION,short,20669.5,-18.0,0.0,12,mtf_mean,1741202700.0
2025_03_05,MTF_EXHAUSTION,short,20598.25,-12.5,16.5,48,mtf_1m_exhausted,1741208700.0
2025_03_06,MTF_EXHAUSTION,short,20526.25,0.0,0.0,1,mtf_mean,1741248600.0
2025_03_06,MTF_EXHAUSTION,short,20280.5,-1.0,49.0,36,giveback,1741271400.0
2025_03_06,MTF_EXHAUSTION,long,20370.5,58.5,83.0,60,mtf_mean,1741273500.0
2025_03_06,MTF_EXHAUSTION,short,20482.75,130.0,179.5,144,mtf_mean,1741275900.0
2025_03_06,MTF_EXHAUSTION,short,20439.25,43.0,92.5,84,giveback,1741276200.0
2025_03_06,MTF_EXHAUSTION,short,20399.5,0.0,0.0,1,mtf_mean,1741278900.0
2025_03_06,MTF_EXHAUSTION,short,20304.75,42.0,54.5,36,mtf_mean,1741279800.0
2025_03_06,MTF_EXHAUSTION,short,20266.5,-9.0,0.0,24,mtf_mean,1741280100.0
2025_03_06,MTF_EXHAUSTION,short,20200.75,36.5,36.5,24,mtf_mean,1741281000.0
2025_03_06,MTF_EXHAUSTION,short,20166.75,0.0,0.0,1,mtf_mean,1741282500.0
2025_03_06,MTF_EXHAUSTION,short,20146.0,61.0,92.5,60,mtf_mean,1741283100.0
2025_03_06,MTF_EXHAUSTION,short,20110.5,90.5,119.5,60,mtf_5m_reaccel,1741290900.0
2025_03_06,MTF_EXHAUSTION,short,20109.5,79.0,111.0,60,mtf_5m_reaccel,1741292400.0
2025_03_07,MTF_EXHAUSTION,short,20111.0,43.0,88.5,60,giveback,1741355700.0
2025_03_07,MTF_EXHAUSTION,short,20093.75,70.0,72.5,48,mtf_mean,1741361100.0
2025_03_07,MTF_EXHAUSTION,short,20033.0,224.0,225.0,96,mtf_mean,1741361400.0
2025_03_07,MTF_EXHAUSTION,short,20007.0,42.0,49.5,48,mtf_1m_exhausted,1741363200.0
2025_03_07,MTF_EXHAUSTION,short,19961.25,60.5,77.0,84,mtf_mean,1741364100.0
2025_03_07,MTF_EXHAUSTION,short,19883.75,50.0,50.0,60,mtf_mean,1741364700.0
2025_03_07,MTF_EXHAUSTION,short,20062.5,0.0,0.0,1,mtf_mean,1741370100.0
2025_03_07,MTF_EXHAUSTION,short,20119.0,0.0,0.0,1,mtf_mean,1741371600.0
2025_03_09,MTF_EXHAUSTION,short,20084.5,-27.0,0.0,60,mtf_5m_reaccel,1741557600.0
2025_03_10,MTF_EXHAUSTION,short,19852.0,0.0,0.0,1,mtf_mean,1741614600.0
2025_03_10,MTF_EXHAUSTION,short,19765.5,107.0,117.0,60,mtf_mean,1741615200.0
2025_03_10,MTF_EXHAUSTION,short,19591.0,41.0,41.0,24,mtf_1m_exhausted,1741623300.0
2025_03_10,MTF_EXHAUSTION,short,19598.75,0.0,0.0,1,mtf_mean,1741624500.0
2025_03_10,MTF_EXHAUSTION,short,19357.25,-10.0,36.5,60,giveback,1741632900.0
2025_03_10,MTF_EXHAUSTION,long,19366.75,247.0,247.0,156,mtf_mean,1741634100.0
2025_03_10,MTF_EXHAUSTION,long,19418.0,144.5,144.5,96,mtf_mean,1741634400.0
2025_03_10,MTF_EXHAUSTION,short,19477.5,109.5,167.0,60,mtf_5m_reaccel,1741635600.0
2025_03_10,MTF_EXHAUSTION,short,19438.5,59.5,134.0,131,giveback,1741644300.0
2025_03_10,MTF_EXHAUSTION,short,19374.5,13.0,36.5,35,giveback,1741647900.0
2025_03_10,MTF_EXHAUSTION,short,19335.0,83.0,94.5,60,mtf_5m_reaccel,1741648500.0
2025_03_10,MTF_EXHAUSTION,short,19265.0,-45.0,0.0,36,mtf_mean,1741649400.0
2025_03_11,MTF_EXHAUSTION,short,19215.75,52.0,99.0,60,mtf_5m_reaccel,1741654200.0
2025_03_11,MTF_EXHAUSTION,long,19452.5,23.5,67.5,128,giveback,1741662300.0
2025_03_11,MTF_EXHAUSTION,short,19518.0,39.5,91.5,143,giveback,1741690800.0
2025_03_11,MTF_EXHAUSTION,short,19577.25,69.5,69.5,12,mtf_mean,1741701600.0
2025_03_11,MTF_EXHAUSTION,short,19511.5,107.5,107.5,24,mtf_mean,1741702200.0
2025_03_11,MTF_EXHAUSTION,short,19467.25,34.5,34.5,12,mtf_mean,1741702800.0
2025_03_11,MTF_EXHAUSTION,short,19354.0,-14.0,64.0,60,giveback,1741703100.0
2025_03_11,MTF_EXHAUSTION,short,19381.0,59.0,134.0,72,giveback,1741704900.0
2025_03_11,MTF_EXHAUSTION,short,19629.75,44.0,52.0,24,mtf_mean,1741720200.0
2025_03_11,MTF_EXHAUSTION,short,19581.5,32.0,32.0,24,mtf_mean,1741720800.0
2025_03_11,MTF_EXHAUSTION,short,19504.0,175.5,222.5,120,mtf_5m_reaccel,1741722600.0
2025_03_11,MTF_EXHAUSTION,short,19440.5,15.0,37.0,24,giveback,1741722900.0
2025_03_12,MTF_EXHAUSTION,short,19748.5,-31.0,0.0,12,mtf_mean,1741786800.0
2025_03_12,MTF_EXHAUSTION,short,19617.0,0.0,0.0,1,mtf_mean,1741789800.0
2025_03_12,MTF_EXHAUSTION,short,19537.75,107.0,125.5,60,mtf_5m_reaccel,1741791300.0
2025_03_12,MTF_EXHAUSTION,short,19582.75,34.0,84.5,60,giveback,1741802100.0
2025_03_12,MTF_EXHAUSTION,short,19679.0,30.5,74.0,72,giveback,1741805400.0
2025_03_13,MTF_EXHAUSTION,short,19478.0,36.0,55.0,84,mtf_mean,1741851300.0
2025_03_13,MTF_EXHAUSTION,short,19467.0,72.5,86.0,107,mtf_mean,1741852200.0
2025_03_13,MTF_EXHAUSTION,short,19536.5,0.0,0.0,1,mtf_mean,1741865700.0
2025_03_13,MTF_EXHAUSTION,short,19520.0,52.0,96.5,60,mtf_mean,1741873200.0
2025_03_13,MTF_EXHAUSTION,short,19461.25,97.5,112.5,60,mtf_5m_reaccel,1741873800.0
2025_03_13,MTF_EXHAUSTION,long,19436.5,-31.0,6.0,60,mtf_5m_reaccel,1741874700.0
2025_03_13,MTF_EXHAUSTION,short,19471.25,62.0,62.5,60,mtf_mean,1741876500.0
2025_03_13,MTF_EXHAUSTION,short,19364.75,0.0,0.0,1,mtf_mean,1741879500.0
2025_03_13,MTF_EXHAUSTION,short,19336.0,103.0,103.0,60,mtf_5m_reaccel,1741880100.0
2025_03_13,MTF_EXHAUSTION,short,19339.25,0.0,0.0,1,mtf_mean,1741881000.0
2025_03_13,MTF_EXHAUSTION,short,19212.5,2.0,2.0,12,mtf_mean,1741888500.0
2025_03_13,MTF_EXHAUSTION,short,19284.25,65.5,82.5,84,mtf_mean,1741893900.0
2025_03_13,MTF_EXHAUSTION,short,19252.0,33.5,89.5,60,giveback,1741894500.0
2025_03_14,MTF_EXHAUSTION,long,19564.5,9.5,62.5,36,giveback,1741959300.0
2025_03_14,MTF_EXHAUSTION,short,19588.0,85.5,197.0,120,giveback,1741960500.0
2025_03_14,MTF_EXHAUSTION,short,19501.5,24.5,27.0,24,mtf_mean,1741962300.0
2025_03_17,MTF_EXHAUSTION,short,19768.75,116.0,127.0,108,mtf_mean,1742221500.0
2025_03_17,MTF_EXHAUSTION,short,19732.25,48.5,105.5,120,giveback,1742223000.0
2025_03_17,MTF_EXHAUSTION,short,19892.25,-13.5,11.0,36,mtf_mean,1742241000.0
2025_03_17,MTF_EXHAUSTION,short,19846.5,76.5,81.0,96,mtf_mean,1742241300.0
2025_03_18,MTF_EXHAUSTION,short,19654.25,-25.0,1.0,24,mtf_mean,1742304600.0
2025_03_18,MTF_EXHAUSTION,short,19608.0,29.0,62.5,36,giveback,1742304900.0
2025_03_18,MTF_EXHAUSTION,short,19489.25,0.0,0.0,1,mtf_mean,1742306100.0
2025_03_19,MTF_EXHAUSTION,long,19839.5,51.0,51.0,60,mtf_5m_reaccel,1742410800.0
2025_03_19,MTF_EXHAUSTION,short,19836.5,82.5,178.5,156,giveback,1742412000.0
2025_03_19,MTF_EXHAUSTION,short,19805.75,44.5,117.0,84,giveback,1742412300.0
2025_03_19,MTF_EXHAUSTION,short,19835.5,0.0,0.0,1,mtf_mean,1742413500.0
2025_03_20,MTF_EXHAUSTION,short,19737.5,15.5,15.5,11,mtf_mean,1742464800.0
2025_03_20,MTF_EXHAUSTION,short,19676.0,217.0,265.5,130,mtf_mean,1742465400.0
2025_03_20,MTF_EXHAUSTION,short,19631.0,127.0,175.5,71,mtf_mean,1742465700.0
2025_03_20,MTF_EXHAUSTION,short,19565.75,-23.5,0.0,10,mtf_mean,1742466900.0
2025_03_20,MTF_EXHAUSTION,short,19817.5,51.5,101.0,83,mtf_mean,1742484600.0
2025_03_20,MTF_EXHAUSTION,short,19827.25,61.5,87.0,80,mtf_mean,1742486100.0
2025_03_20,MTF_EXHAUSTION,short,19720.5,-34.0,0.0,12,mtf_mean,1742487900.0
2025_03_20,MTF_EXHAUSTION,short,19689.5,0.0,0.0,1,mtf_mean,1742488800.0
2025_03_20,MTF_EXHAUSTION,short,19650.75,-21.0,34.5,60,giveback,1742498700.0
2025_03_20,MTF_EXHAUSTION,short,19690.0,-12.0,28.0,84,mtf_mean,1742500200.0
2025_03_21,MTF_EXHAUSTION,short,19514.0,20.5,38.5,39,mtf_mean,1742560800.0
2025_04_01,MTF_EXHAUSTION,short,19350.5,-11.5,25.0,60,mtf_mean,1743465600.0
2025_04_01,MTF_EXHAUSTION,short,19330.5,37.5,82.5,72,giveback,1743516600.0
2025_04_01,MTF_EXHAUSTION,short,19494.0,69.5,84.0,60,mtf_mean,1743530400.0
2025_04_01,MTF_EXHAUSTION,short,19420.5,0.0,0.0,1,mtf_mean,1743533100.0
2025_04_02,MTF_EXHAUSTION,short,19394.5,2.5,38.5,72,giveback,1743595500.0
2025_04_02,MTF_EXHAUSTION,long,19437.25,126.0,140.5,72,mtf_mean,1743600900.0
2025_04_02,MTF_EXHAUSTION,short,19554.25,-3.5,47.0,72,giveback,1743601800.0
2025_04_02,MTF_EXHAUSTION,short,19597.75,0.0,0.0,1,mtf_mean,1743602700.0
2025_04_02,MTF_EXHAUSTION,short,19189.5,-30.0,37.5,60,giveback,1743627000.0
2025_04_02,MTF_EXHAUSTION,short,18958.0,-8.5,3.5,36,mtf_5m_reaccel,1743631320.0
2025_04_02,MTF_EXHAUSTION,short,18923.75,83.5,102.0,84,mtf_mean,1743634800.0
2025_04_03,MTF_EXHAUSTION,short,19064.0,0.0,0.0,1,mtf_mean,1743664200.0
2025_04_03,MTF_EXHAUSTION,short,19047.0,28.5,46.0,95,mtf_mean,1743673500.0
2025_04_03,MTF_EXHAUSTION,short,18998.25,18.0,68.0,48,giveback,1743687600.0
2025_04_03,MTF_EXHAUSTION,short,18820.5,0.5,0.5,12,mtf_1m_exhausted,1743691500.0
2025_04_03,MTF_EXHAUSTION,short,18753.25,17.5,62.0,36,giveback,1743692700.0
2025_04_03,MTF_EXHAUSTION,long,18818.75,30.0,55.0,48,mtf_mean,1743693300.0
2025_04_03,MTF_EXHAUSTION,short,18882.0,-14.0,42.5,36,giveback,1743695100.0
2025_04_03,MTF_EXHAUSTION,short,18831.0,-31.0,0.0,12,mtf_mean,1743702900.0
2025_04_03,MTF_EXHAUSTION,short,18798.75,85.0,122.5,72,mtf_mean,1743707700.0
2025_04_03,MTF_EXHAUSTION,short,18725.75,18.5,18.5,12,mtf_mean,1743709500.0
2025_04_04,MTF_EXHAUSTION,short,18577.25,48.5,67.0,72,mtf_mean,1743737400.0
2025_04_04,MTF_EXHAUSTION,short,18561.0,292.5,292.5,60,mtf_5m_reaccel,1743761100.0
2025_04_04,MTF_EXHAUSTION,short,18401.5,121.0,121.0,48,mtf_mean,1743761700.0
2025_04_04,MTF_EXHAUSTION,short,18295.5,89.5,301.0,48,giveback,1743762000.0
2025_04_04,MTF_EXHAUSTION,short,18222.0,83.0,237.0,60,giveback,1743762300.0
2025_04_04,MTF_EXHAUSTION,short,18196.0,0.0,0.0,1,mtf_mean,1743763200.0
2025_04_04,MTF_EXHAUSTION,short,18137.5,116.0,167.0,60,mtf_5m_reaccel,1743763800.0
2025_04_04,MTF_EXHAUSTION,short,18022.0,261.5,261.5,60,mtf_5m_reaccel,1743765900.0
2025_04_04,MTF_EXHAUSTION,short,17990.75,31.5,75.5,36,giveback,1743766800.0
2025_04_04,MTF_EXHAUSTION,long,17994.75,0.0,0.0,1,mtf_mean,1743767400.0
2025_04_04,MTF_EXHAUSTION,short,18116.5,0.0,0.0,1,mtf_mean,1743768000.0
2025_04_04,MTF_EXHAUSTION,short,18104.75,0.0,0.0,1,mtf_mean,1743769200.0
2025_04_04,MTF_EXHAUSTION,short,18185.75,131.0,227.5,60,mtf_5m_reaccel,1743770100.0
2025_04_04,MTF_EXHAUSTION,short,18179.25,300.5,300.5,120,mtf_5m_reaccel,1743775200.0
2025_04_04,MTF_EXHAUSTION,short,18117.0,176.0,176.0,60,mtf_5m_reaccel,1743775500.0
2025_04_04,MTF_EXHAUSTION,short,18035.0,115.0,115.0,48,mtf_mean,1743776400.0
2025_04_04,MTF_EXHAUSTION,short,17861.25,35.0,35.0,48,mtf_mean,1743777600.0
2025_04_04,MTF_EXHAUSTION,short,17819.75,307.5,307.5,60,mtf_5m_reaccel,1743777900.0
2025_04_04,MTF_EXHAUSTION,long,17796.0,160.5,203.5,60,mtf_5m_reaccel,1743778500.0
2025_04_04,MTF_EXHAUSTION,short,17910.75,0.0,0.0,1,mtf_mean,1743783300.0
2025_04_04,MTF_EXHAUSTION,short,17717.75,131.0,160.5,96,mtf_mean,1743786600.0
2025_04_04,MTF_EXHAUSTION,short,17839.0,83.5,83.5,60,mtf_5m_reaccel,1743789900.0
2025_04_04,MTF_EXHAUSTION,short,17734.5,35.5,58.5,36,mtf_mean,1743790500.0
2025_04_04,MTF_EXHAUSTION,short,17590.25,59.0,59.0,60,mtf_5m_reaccel,1743792000.0
2025_04_04,MTF_EXHAUSTION,short,17644.75,0.0,0.0,1,mtf_mean,1743792900.0
2025_04_04,MTF_EXHAUSTION,short,17712.25,69.5,147.0,60,giveback,1743794100.0
2025_04_04,MTF_EXHAUSTION,short,17826.0,0.0,0.0,1,mtf_mean,1743795300.0
2025_04_04,MTF_EXHAUSTION,short,17831.25,339.5,339.5,60,mtf_5m_reaccel,1743795900.0
2025_04_06,MTF_EXHAUSTION,short,16700.25,-138.5,254.0,28,giveback,1743976800.0
2025_04_06,MTF_EXHAUSTION,long,16719.75,-44.5,0.0,12,mtf_mean,1743982500.0
2025_04_07,MTF_EXHAUSTION,short,16744.25,62.5,62.5,36,mtf_mean,1743984000.0
2025_04_07,MTF_EXHAUSTION,short,16614.75,23.0,44.0,36,mtf_mean,1743984600.0
2025_04_07,MTF_EXHAUSTION,short,16727.0,31.5,78.5,96,giveback,1743986400.0
2025_04_07,MTF_EXHAUSTION,short,16872.0,15.5,24.0,36,mtf_1m_exhausted,1743989700.0
2025_04_07,MTF_EXHAUSTION,short,16933.0,4.0,4.0,12,mtf_mean,1743993300.0
2025_04_07,MTF_EXHAUSTION,short,16778.0,0.0,0.0,1,mtf_mean,1744005900.0
2025_04_07,MTF_EXHAUSTION,short,16679.25,53.0,53.0,12,mtf_mean,1744007100.0
2025_04_07,MTF_EXHAUSTION,short,16626.75,65.5,102.5,60,mtf_5m_reaccel,1744008000.0
2025_04_07,MTF_EXHAUSTION,long,16645.5,-150.0,15.0,156,hard_stop,1744010100.0
2025_04_07,MTF_EXHAUSTION,short,16596.0,-1.0,31.5,72,giveback,1744010400.0
2025_04_07,MTF_EXHAUSTION,short,16806.5,33.5,104.0,24,giveback,1744013400.0
2025_04_07,MTF_EXHAUSTION,short,16887.25,0.0,0.0,1,mtf_mean,1744016100.0
2025_04_07,MTF_EXHAUSTION,short,16838.0,43.0,82.5,48,mtf_mean,1744016700.0
2025_04_07,MTF_EXHAUSTION,short,16799.75,49.5,62.5,60,mtf_mean,1744017300.0
2025_04_07,MTF_EXHAUSTION,long,17028.25,0.5,0.5,12,mtf_1m_exhausted,1744020300.0
2025_04_07,MTF_EXHAUSTION,short,17107.0,22.0,77.0,48,giveback,1744021500.0
2025_04_07,MTF_EXHAUSTION,short,17265.75,0.0,0.0,1,mtf_mean,1744022700.0
2025_04_07,MTF_EXHAUSTION,short,17093.75,-44.0,14.5,36,mtf_mean,1744023300.0
2025_04_07,MTF_EXHAUSTION,short,17203.5,42.5,153.5,132,giveback,1744024200.0
2025_04_07,MTF_EXHAUSTION,short,17038.0,18.0,18.5,24,mtf_1m_exhausted,1744027500.0
2025_04_07,MTF_EXHAUSTION,short,17103.25,77.0,179.0,96,giveback,1744029600.0
2025_04_07,MTF_EXHAUSTION,short,17102.0,-24.5,0.0,60,mtf_5m_reaccel,1744030800.0
2025_04_07,MTF_EXHAUSTION,short,17038.0,0.0,0.0,1,mtf_mean,1744032000.0
2025_04_07,MTF_EXHAUSTION,short,16963.75,-4.5,107.5,72,giveback,1744032300.0
2025_04_07,MTF_EXHAUSTION,short,16862.0,36.5,206.0,48,giveback,1744032900.0
2025_04_07,MTF_EXHAUSTION,short,16775.0,40.5,137.5,48,giveback,1744033200.0
2025_04_07,MTF_EXHAUSTION,long,17100.0,192.5,474.5,84,giveback,1744034100.0
2025_04_07,MTF_EXHAUSTION,short,17337.25,82.5,282.0,60,giveback,1744034400.0
2025_04_07,MTF_EXHAUSTION,short,17772.0,435.5,624.0,60,mtf_5m_reaccel,1744035600.0
2025_04_07,MTF_EXHAUSTION,short,17313.0,190.0,190.0,24,mtf_mean,1744036500.0
2025_04_07,MTF_EXHAUSTION,short,17711.5,90.0,172.5,60,mtf_5m_reaccel,1744037700.0
2025_04_07,MTF_EXHAUSTION,short,17625.5,148.5,252.0,60,mtf_5m_reaccel,1744038300.0
2025_04_07,MTF_EXHAUSTION,short,17427.0,347.0,347.0,36,mtf_mean,1744039200.0
2025_04_07,MTF_EXHAUSTION,long,17343.75,47.0,165.5,48,giveback,1744040100.0
2025_04_07,MTF_EXHAUSTION,short,17457.75,-14.5,54.5,24,giveback,1744040700.0
2025_04_07,MTF_EXHAUSTION,short,17508.25,92.5,211.5,72,giveback,1744041000.0
2025_04_07,MTF_EXHAUSTION,short,17318.5,169.0,169.0,60,mtf_5m_reaccel,1744041900.0
2025_04_07,MTF_EXHAUSTION,long,17420.0,56.0,76.5,36,mtf_mean,1744043400.0
2025_04_07,MTF_EXHAUSTION,short,17436.5,57.0,70.5,60,mtf_5m_reaccel,1744043700.0
2025_04_07,MTF_EXHAUSTION,short,17293.0,70.0,70.0,12,mtf_mean,1744044900.0
2025_04_07,MTF_EXHAUSTION,long,17499.5,47.0,65.0,72,mtf_mean,1744046100.0
2025_04_07,MTF_EXHAUSTION,short,17596.25,56.5,134.0,24,giveback,1744047000.0
2025_04_07,MTF_EXHAUSTION,long,17613.5,157.5,174.0,60,mtf_mean,1744047600.0
2025_04_07,MTF_EXHAUSTION,short,17696.75,-42.0,41.0,24,giveback,1744049100.0
2025_04_07,MTF_EXHAUSTION,short,17700.75,159.5,193.5,60,mtf_5m_reaccel,1744050300.0
2025_04_07,MTF_EXHAUSTION,short,17743.75,119.5,119.5,24,mtf_mean,1744051200.0
2025_04_07,MTF_EXHAUSTION,short,17633.5,166.0,255.0,84,mtf_mean,1744051800.0
2025_04_07,MTF_EXHAUSTION,short,17650.75,32.5,47.0,70,mtf_mean,1744058700.0
2025_04_08,MTF_EXHAUSTION,short,17728.5,0.5,0.5,12,mtf_1m_exhausted,1744070400.0
2025_04_08,MTF_EXHAUSTION,short,17809.0,254.0,254.0,60,mtf_5m_reaccel,1744073700.0
2025_04_08,MTF_EXHAUSTION,short,17721.0,0.0,0.0,1,mtf_mean,1744074900.0
2025_04_08,MTF_EXHAUSTION,long,17836.0,39.5,49.5,48,mtf_mean,1744076400.0
2025_04_08,MTF_EXHAUSTION,short,17853.5,129.5,152.5,132,mtf_mean,1744099500.0
2025_04_08,MTF_EXHAUSTION,short,17814.5,51.5,74.5,72,mtf_mean,1744099800.0
2025_04_08,MTF_EXHAUSTION,short,17799.5,81.5,81.5,24,mtf_mean,1744100400.0
2025_04_08,MTF_EXHAUSTION,short,17812.0,0.0,0.0,1,mtf_mean,1744103700.0
2025_04_08,MTF_EXHAUSTION,short,17732.25,0.0,0.0,1,mtf_mean,1744107000.0
2025_04_08,MTF_EXHAUSTION,long,17970.75,3.5,3.5,12,mtf_mean,1744113300.0
2025_04_08,MTF_EXHAUSTION,short,18123.0,39.5,86.5,48,giveback,1744119300.0
2025_04_08,MTF_EXHAUSTION,long,18264.25,-33.5,0.0,12,mtf_mean,1744120800.0
2025_04_08,MTF_EXHAUSTION,short,18306.0,184.0,193.0,144,mtf_mean,1744123200.0
2025_04_08,MTF_EXHAUSTION,short,18079.25,136.0,136.0,48,mtf_mean,1744125600.0
2025_04_08,MTF_EXHAUSTION,short,17986.25,190.5,190.5,60,mtf_5m_reaccel,1744128900.0
2025_04_08,MTF_EXHAUSTION,short,17816.75,161.5,281.5,120,mtf_5m_reaccel,1744130100.0
2025_04_08,MTF_EXHAUSTION,short,17755.25,32.0,32.0,48,mtf_mean,1744131000.0
2025_04_08,MTF_EXHAUSTION,short,17775.5,218.0,262.0,132,mtf_mean,1744131300.0
2025_04_08,MTF_EXHAUSTION,short,17649.25,0.0,0.0,1,mtf_mean,1744135200.0
2025_04_08,MTF_EXHAUSTION,short,17613.0,131.5,168.0,108,mtf_mean,1744135500.0
2025_04_08,MTF_EXHAUSTION,short,17626.0,90.0,90.0,24,mtf_mean,1744136400.0
2025_04_08,MTF_EXHAUSTION,short,17559.75,-131.0,105.0,60,giveback,1744136700.0
2025_04_08,MTF_EXHAUSTION,short,17484.5,-62.0,0.0,12,mtf_mean,1744137300.0
2025_04_08,MTF_EXHAUSTION,short,17485.5,13.5,70.5,60,giveback,1744137600.0
2025_04_08,MTF_EXHAUSTION,short,17469.5,13.5,38.5,36,giveback,1744138500.0
2025_04_08,MTF_EXHAUSTION,short,17357.75,97.0,147.0,60,mtf_5m_reaccel,1744139100.0
2025_04_08,MTF_EXHAUSTION,short,17250.75,0.0,0.0,1,mtf_mean,1744140600.0
2025_04_08,MTF_EXHAUSTION,short,17154.75,76.5,190.0,60,giveback,1744140900.0
2025_04_08,MTF_EXHAUSTION,short,17042.5,57.5,57.5,12,mtf_mean,1744141500.0
2025_04_08,MTF_EXHAUSTION,short,17206.5,223.0,231.5,107,mtf_mean,1744149600.0
2025_04_08,MTF_EXHAUSTION,short,17051.0,0.0,0.0,1,mtf_mean,1744150800.0
2025_04_08,MTF_EXHAUSTION,short,17046.25,42.0,74.5,69,mtf_mean,1744153200.0
2025_04_08,MTF_EXHAUSTION,short,16944.25,36.0,77.5,36,giveback,1744154400.0
2025_04_08,MTF_EXHAUSTION,short,16946.0,61.5,61.5,24,mtf_mean,1744155600.0
2025_04_09,MTF_EXHAUSTION,short,17064.0,-10.5,29.0,48,mtf_mean,1744163400.0
2025_04_09,MTF_EXHAUSTION,short,17071.0,-9.0,0.0,24,mtf_mean,1744168500.0
2025_04_09,MTF_EXHAUSTION,short,16999.5,0.0,0.0,1,mtf_mean,1744169700.0
2025_04_09,MTF_EXHAUSTION,short,16953.5,39.0,39.0,12,mtf_mean,1744171500.0
2025_04_09,MTF_EXHAUSTION,short,16939.5,34.5,34.5,12,mtf_mean,1744172100.0
2025_04_09,MTF_EXHAUSTION,short,16818.5,47.0,95.0,24,giveback,1744172700.0
2025_04_09,MTF_EXHAUSTION,short,16867.0,124.0,164.0,107,mtf_mean,1744174500.0
2025_04_09,MTF_EXHAUSTION,short,17068.5,31.5,31.5,12,mtf_mean,1744179300.0
2025_04_09,MTF_EXHAUSTION,short,17005.0,65.5,132.5,84,giveback,1744179900.0
2025_04_09,MTF_EXHAUSTION,short,17240.25,23.5,23.5,12,mtf_mean,1744182300.0
2025_04_09,MTF_EXHAUSTION,short,17285.25,0.0,0.0,1,mtf_mean,1744182900.0
2025_04_09,MTF_EXHAUSTION,short,17362.0,20.0,61.5,36,giveback,1744185000.0
2025_04_09,MTF_EXHAUSTION,short,17259.75,21.5,59.5,83,giveback,1744191900.0
2025_04_09,MTF_EXHAUSTION,short,17019.0,-69.5,53.0,36,giveback,1744196400.0
2025_04_09,MTF_EXHAUSTION,short,17055.5,124.5,124.5,60,mtf_5m_reaccel,1744198200.0
2025_04_09,MTF_EXHAUSTION,short,16949.75,-3.5,34.0,24,giveback,1744200300.0
2025_04_09,MTF_EXHAUSTION,short,16954.75,11.5,32.5,36,giveback,1744201200.0
2025_04_09,MTF_EXHAUSTION,short,17230.0,0.0,0.0,1,mtf_mean,1744204800.0
2025_04_09,MTF_EXHAUSTION,short,17476.25,255.0,255.0,60,mtf_5m_reaccel,1744206000.0
2025_04_09,MTF_EXHAUSTION,short,17461.5,7.0,138.0,60,giveback,1744207500.0
2025_04_09,MTF_EXHAUSTION,short,17431.5,-44.0,0.0,12,mtf_mean,1744209900.0
2025_04_09,MTF_EXHAUSTION,short,17341.75,110.5,166.0,60,mtf_5m_reaccel,1744210200.0
2025_04_09,MTF_EXHAUSTION,long,17338.0,51.5,84.0,84,mtf_mean,1744211100.0
2025_04_09,MTF_EXHAUSTION,long,17431.0,-3.0,50.0,60,giveback,1744212000.0
2025_04_09,MTF_EXHAUSTION,short,17429.5,-5.5,61.0,60,giveback,1744212300.0
2025_04_09,MTF_EXHAUSTION,short,17395.75,67.5,67.5,36,mtf_mean,1744213800.0
2025_04_09,MTF_EXHAUSTION,short,17680.0,215.0,290.0,96,mtf_1m_exhausted,1744218300.0
2025_04_09,MTF_EXHAUSTION,short,18841.0,505.5,573.5,60,mtf_5m_reaccel,1744220100.0
2025_04_09,MTF_EXHAUSTION,long,18652.5,0.0,0.0,1,mtf_mean,1744221000.0
2025_04_09,MTF_EXHAUSTION,long,18924.0,-13.0,99.0,48,giveback,1744221600.0
2025_04_09,MTF_EXHAUSTION,short,18877.75,23.5,188.5,48,giveback,1744221900.0
2025_04_09,MTF_EXHAUSTION,long,19018.25,50.0,139.0,48,giveback,1744223100.0
2025_04_09,MTF_EXHAUSTION,short,19068.5,7.0,7.0,12,mtf_mean,1744223400.0
2025_04_09,MTF_EXHAUSTION,short,18852.0,0.0,0.0,1,mtf_mean,1744224900.0
2025_04_09,MTF_EXHAUSTION,long,19012.5,-13.0,0.0,12,mtf_mean,1744226100.0
2025_04_09,MTF_EXHAUSTION,short,19310.5,21.0,112.5,24,giveback,1744228500.0
2025_04_09,MTF_EXHAUSTION,short,19284.25,0.0,0.0,1,mtf_mean,1744229400.0
2025_04_10,MTF_EXHAUSTION,short,19307.0,63.5,64.0,59,mtf_1m_exhausted,1744243500.0
2025_04_10,MTF_EXHAUSTION,short,19264.75,15.0,33.5,24,giveback,1744244700.0
2025_04_10,MTF_EXHAUSTION,short,19059.0,45.0,51.5,83,mtf_mean,1744254900.0
2025_04_10,MTF_EXHAUSTION,short,19015.0,0.0,0.0,1,mtf_mean,1744256400.0
2025_04_10,MTF_EXHAUSTION,short,19003.75,52.5,75.0,60,mtf_5m_reaccel,1744270200.0
2025_04_10,MTF_EXHAUSTION,short,18941.25,38.5,84.0,60,giveback,1744271700.0
2025_04_10,MTF_EXHAUSTION,short,18895.25,-23.5,6.0,24,mtf_mean,1744273200.0
2025_04_10,MTF_EXHAUSTION,short,18847.0,18.0,52.5,60,giveback,1744277100.0
2025_04_10,MTF_EXHAUSTION,short,18875.75,45.0,48.0,60,mtf_5m_reaccel,1744278900.0
2025_04_10,MTF_EXHAUSTION,short,18906.0,24.5,56.0,60,giveback,1744286400.0
2025_04_10,MTF_EXHAUSTION,short,18903.0,0.0,0.0,1,mtf_mean,1744288500.0
2025_04_10,MTF_EXHAUSTION,long,18875.0,-23.5,36.0,72,giveback,1744291200.0
2025_04_10,MTF_EXHAUSTION,short,18736.75,12.0,65.0,48,giveback,1744292400.0
2025_04_10,MTF_EXHAUSTION,short,18844.25,154.5,154.5,12,mtf_mean,1744293000.0
2025_04_10,MTF_EXHAUSTION,short,18726.0,12.0,46.5,24,giveback,1744293300.0
2025_04_10,MTF_EXHAUSTION,short,18615.0,0.0,0.0,1,mtf_mean,1744294200.0
2025_04_10,MTF_EXHAUSTION,short,18719.5,48.0,48.0,24,mtf_mean,1744295100.0
2025_04_10,MTF_EXHAUSTION,short,18646.75,44.5,44.5,12,mtf_mean,1744296900.0
2025_04_10,MTF_EXHAUSTION,short,18658.75,45.5,45.5,24,mtf_mean,1744297800.0
2025_04_10,MTF_EXHAUSTION,short,18495.75,0.0,0.0,1,mtf_mean,1744298700.0
2025_04_10,MTF_EXHAUSTION,short,18445.75,14.5,14.5,24,mtf_mean,1744299300.0
2025_04_10,MTF_EXHAUSTION,short,18440.0,40.0,40.0,12,mtf_mean,1744299900.0
2025_04_10,MTF_EXHAUSTION,short,18355.75,46.5,46.5,12,mtf_mean,1744300500.0
2025_04_10,MTF_EXHAUSTION,long,18371.25,-79.5,120.0,36,giveback,1744304400.0
2025_04_10,MTF_EXHAUSTION,short,18285.75,34.5,72.0,36,giveback,1744304700.0
2025_04_10,MTF_EXHAUSTION,long,18570.5,88.5,88.5,48,mtf_mean,1744309500.0
2025_04_10,MTF_EXHAUSTION,short,18602.75,-109.5,0.0,12,mtf_mean,1744309800.0
2025_04_10,MTF_EXHAUSTION,short,18593.25,3.5,90.0,60,giveback,1744310700.0
2025_04_10,MTF_EXHAUSTION,short,18601.75,0.0,0.0,1,mtf_mean,1744311900.0
2025_04_10,MTF_EXHAUSTION,short,18575.25,143.5,143.5,48,mtf_mean,1744312800.0
2025_04_10,MTF_EXHAUSTION,short,18514.0,0.0,0.0,1,mtf_mean,1744313100.0
2025_04_10,MTF_EXHAUSTION,short,18344.75,72.5,180.5,60,giveback,1744314000.0
2025_04_10,MTF_EXHAUSTION,short,18474.75,-27.0,0.0,36,mtf_mean,1744314900.0
2025_04_10,MTF_EXHAUSTION,short,18495.25,87.0,108.0,79,mtf_mean,1744326600.0
2025_04_11,MTF_EXHAUSTION,short,18344.75,23.5,23.5,11,mtf_mean,1744329600.0
2025_04_11,MTF_EXHAUSTION,short,18273.5,-10.0,0.0,24,mtf_mean,1744330500.0
2025_04_11,MTF_EXHAUSTION,short,18247.5,164.0,255.5,108,mtf_mean,1744332000.0
2025_04_11,MTF_EXHAUSTION,long,18612.25,11.0,14.5,48,mtf_1m_exhausted,1744349400.0
2025_04_11,MTF_EXHAUSTION,short,18624.5,29.0,86.5,60,giveback,1744355100.0
2025_04_11,MTF_EXHAUSTION,short,18620.25,318.5,318.5,60,mtf_5m_reaccel,1744358100.0
2025_04_11,MTF_EXHAUSTION,short,18528.25,122.5,122.5,60,mtf_5m_reaccel,1744359300.0
2025_04_11,MTF_EXHAUSTION,short,18438.0,90.0,90.0,36,mtf_mean,1744360200.0
2025_04_11,MTF_EXHAUSTION,long,18641.0,-55.5,0.0,24,mtf_mean,1744365300.0
2025_04_11,MTF_EXHAUSTION,short,18568.5,56.0,91.0,71,mtf_mean,1744370100.0
2025_04_11,MTF_EXHAUSTION,short,18515.0,42.5,42.5,24,mtf_mean,1744376100.0
2025_04_11,MTF_EXHAUSTION,short,18532.5,222.0,222.0,60,mtf_5m_reaccel,1744376700.0
2025_04_11,MTF_EXHAUSTION,short,18590.75,146.5,146.5,60,mtf_5m_reaccel,1744379700.0
2025_04_11,MTF_EXHAUSTION,short,18573.0,88.0,88.0,12,mtf_mean,1744380900.0
2025_04_11,MTF_EXHAUSTION,short,18464.0,-12.0,48.0,48,giveback,1744383000.0
2025_04_11,MTF_EXHAUSTION,short,18411.25,97.0,97.0,48,mtf_mean,1744384200.0
2025_04_11,MTF_EXHAUSTION,long,18686.5,67.0,127.5,60,mtf_mean,1744389300.0
2025_04_11,MTF_EXHAUSTION,long,18773.5,61.0,115.0,60,mtf_mean,1744393200.0
2025_04_11,MTF_EXHAUSTION,short,18812.75,24.0,78.5,72,giveback,1744394700.0
2025_04_11,MTF_EXHAUSTION,short,18810.25,38.5,38.5,12,mtf_mean,1744395300.0
2025_04_11,MTF_EXHAUSTION,short,18773.0,17.0,68.0,60,giveback,1744397700.0
2025_04_11,MTF_EXHAUSTION,long,18775.25,102.0,110.5,72,mtf_mean,1744398300.0
2025_04_13,MTF_EXHAUSTION,short,18976.75,-6.5,0.0,12,mtf_mean,1744583100.0
2025_04_14,MTF_EXHAUSTION,short,19154.75,190.5,190.5,60,mtf_5m_reaccel,1744637700.0
2025_04_14,MTF_EXHAUSTION,short,19170.5,163.5,260.0,168,mtf_mean,1744639500.0
2025_04_14,MTF_EXHAUSTION,short,19157.75,96.5,96.5,60,mtf_5m_reaccel,1744642500.0
2025_04_14,MTF_EXHAUSTION,short,18961.0,0.0,0.0,1,mtf_mean,1744644900.0
2025_04_14,MTF_EXHAUSTION,short,18869.5,88.0,91.5,60,mtf_mean,1744645500.0
2025_04_14,MTF_EXHAUSTION,short,18837.75,18.0,88.0,60,giveback,1744647900.0
2025_04_14,MTF_EXHAUSTION,short,18898.75,0.0,0.0,1,mtf_mean,1744651500.0
2025_04_14,MTF_EXHAUSTION,short,19068.25,5.5,33.0,24,giveback,1744658100.0
2025_04_14,MTF_EXHAUSTION,short,18969.75,57.5,57.5,60,mtf_5m_reaccel,1744660200.0
2025_04_15,MTF_EXHAUSTION,short,19116.25,0.0,0.0,1,mtf_mean,1744725300.0
2025_04_15,MTF_EXHAUSTION,short,19100.5,251.0,251.5,60,mtf_1m_exhausted,1744726500.0
2025_04_15,MTF_EXHAUSTION,short,19015.75,13.0,13.0,24,mtf_mean,1744727700.0
2025_04_15,MTF_EXHAUSTION,short,19034.5,141.0,169.0,108,mtf_1m_exhausted,1744735800.0
2025_04_15,MTF_EXHAUSTION,short,18713.25,-39.0,20.5,59,mtf_mean,1744754400.0
2025_04_16,MTF_EXHAUSTION,short,18651.5,36.0,49.0,72,mtf_mean,1744779600.0
2025_04_16,MTF_EXHAUSTION,long,18709.0,-50.0,0.0,24,mtf_mean,1744792200.0
2025_04_16,MTF_EXHAUSTION,short,18764.0,88.5,90.0,156,mtf_mean,1744793100.0
2025_04_16,MTF_EXHAUSTION,short,18781.0,122.5,124.0,96,mtf_mean,1744793400.0
2025_04_16,MTF_EXHAUSTION,long,18636.0,37.5,54.0,48,mtf_mean,1744810500.0
2025_04_16,MTF_EXHAUSTION,short,18607.0,21.0,24.5,60,mtf_5m_reaccel,1744811100.0
2025_04_16,MTF_EXHAUSTION,short,18549.0,135.5,160.0,96,mtf_mean,1744824600.0
2025_04_16,MTF_EXHAUSTION,short,18419.25,-21.0,15.5,24,mtf_mean,1744825200.0
2025_04_16,MTF_EXHAUSTION,short,18338.25,53.0,53.0,36,mtf_1m_exhausted,1744827300.0
2025_04_16,MTF_EXHAUSTION,short,18313.0,81.5,99.5,84,mtf_mean,1744828500.0
2025_04_17,MTF_EXHAUSTION,short,18509.5,20.5,45.0,48,giveback,1744894800.0
2025_04_17,MTF_EXHAUSTION,short,18500.5,155.5,176.5,144,mtf_mean,1744896300.0
2025_04_17,MTF_EXHAUSTION,short,18480.25,115.0,136.0,84,mtf_mean,1744896600.0
2025_04_17,MTF_EXHAUSTION,long,18439.5,26.0,26.0,36,mtf_1m_exhausted,1744908600.0
2025_04_17,MTF_EXHAUSTION,short,18401.0,0.0,0.0,1,mtf_mean,1744920300.0
2025_04_20,MTF_EXHAUSTION,short,18347.5,183.5,183.5,118,mtf_mean,1745186400.0
2025_04_21,MTF_EXHAUSTION,short,18261.5,81.5,86.5,84,mtf_mean,1745202900.0
2025_04_21,MTF_EXHAUSTION,short,18121.75,26.0,54.5,24,giveback,1745242500.0
2025_04_21,MTF_EXHAUSTION,short,18091.0,31.5,31.5,12,mtf_mean,1745243400.0
2025_04_21,MTF_EXHAUSTION,short,17982.75,130.0,148.0,156,mtf_mean,1745246400.0
2025_04_21,MTF_EXHAUSTION,short,17899.5,0.0,0.0,1,mtf_mean,1745248800.0
2025_04_22,MTF_EXHAUSTION,short,18114.0,-10.5,5.5,60,mtf_5m_reaccel,1745328600.0
2025_04_22,MTF_EXHAUSTION,long,18242.75,-2.0,0.0,48,mtf_mean,1745329500.0
2025_04_22,MTF_EXHAUSTION,long,18435.0,-31.0,0.0,48,mtf_mean,1745337600.0
2025_04_22,MTF_EXHAUSTION,short,18415.0,15.0,63.5,24,giveback,1745341800.0
2025_04_22,MTF_EXHAUSTION,short,18314.25,47.5,47.5,36,mtf_mean,1745342400.0
2025_04_22,MTF_EXHAUSTION,short,18265.25,-0.5,0.0,12,mtf_1m_exhausted,1745343900.0
2025_04_22,MTF_EXHAUSTION,short,18713.75,9.5,9.5,12,mtf_mean,1745359500.0
2025_04_23,MTF_EXHAUSTION,short,18932.0,31.5,66.0,72,giveback,1745413500.0
2025_04_23,MTF_EXHAUSTION,short,19075.0,0.0,0.0,1,mtf_mean,1745416200.0
2025_04_23,MTF_EXHAUSTION,short,19051.75,91.5,91.5,60,mtf_5m_reaccel,1745421300.0
2025_04_23,MTF_EXHAUSTION,short,18902.25,0.0,0.0,1,mtf_mean,1745423100.0
2025_04_23,MTF_EXHAUSTION,short,18893.75,10.5,37.5,60,giveback,1745432700.0
2025_04_23,MTF_EXHAUSTION,short,18883.75,7.5,7.5,12,mtf_mean,1745433600.0
2025_04_23,MTF_EXHAUSTION,short,18796.5,23.0,67.0,84,giveback,1745436000.0
2025_04_23,MTF_EXHAUSTION,short,18747.5,-14.5,29.0,60,mtf_mean,1745436900.0
2025_04_24,MTF_EXHAUSTION,short,18732.25,-10.0,0.0,12,mtf_mean,1745479200.0
2025_04_24,MTF_EXHAUSTION,short,18689.0,0.0,0.0,1,mtf_mean,1745481900.0
2025_04_24,MTF_EXHAUSTION,short,18796.75,29.0,36.0,117,mtf_mean,1745492400.0
2025_04_25,MTF_EXHAUSTION,short,19444.5,68.0,107.0,84,mtf_mean,1745565000.0
2025_04_25,MTF_EXHAUSTION,short,19376.0,161.5,253.0,240,mtf_5m_reaccel,1745590500.0
2025_04_25,MTF_EXHAUSTION,short,19346.0,93.0,193.0,168,giveback,1745590800.0
2025_04_27,MTF_EXHAUSTION,short,19504.0,36.5,62.0,59,mtf_mean,1745791200.0
2025_04_28,MTF_EXHAUSTION,short,19566.0,66.0,144.0,120,giveback,1745847000.0
2025_04_28,MTF_EXHAUSTION,short,19573.0,252.5,252.5,120,mtf_5m_reaccel,1745848200.0
2025_04_28,MTF_EXHAUSTION,short,19518.5,143.5,143.5,60,mtf_5m_reaccel,1745848500.0
2025_04_28,MTF_EXHAUSTION,short,19425.25,0.0,0.0,1,mtf_mean,1745853300.0
2025_04_29,MTF_EXHAUSTION,short,19436.25,28.5,29.0,24,mtf_1m_exhausted,1745931600.0
2025_04_29,MTF_EXHAUSTION,long,19493.75,38.5,57.0,72,mtf_mean,1745934300.0
2025_04_29,MTF_EXHAUSTION,long,19570.25,9.5,48.0,48,giveback,1745935500.0
2025_04_29,MTF_EXHAUSTION,short,19533.75,48.5,107.0,120,giveback,1745936400.0
2025_04_29,MTF_EXHAUSTION,long,19556.0,16.0,36.5,72,giveback,1745937300.0
2025_04_29,MTF_EXHAUSTION,short,19535.75,0.0,0.0,1,mtf_mean,1745940600.0
2025_04_29,MTF_EXHAUSTION,short,19576.5,20.0,40.0,96,mtf_mean,1745943300.0
2025_04_29,MTF_EXHAUSTION,short,19561.0,85.5,100.5,84,mtf_mean,1745945100.0
2025_04_29,MTF_EXHAUSTION,short,19581.0,-5.0,1.0,35,mtf_1m_exhausted,1745964000.0
2025_04_30,MTF_EXHAUSTION,short,19481.75,101.0,124.0,108,mtf_mean,1746015300.0
2025_04_30,MTF_EXHAUSTION,short,19457.75,128.0,147.0,48,mtf_mean,1746016200.0
2025_04_30,MTF_EXHAUSTION,short,19263.75,178.0,239.5,120,mtf_5m_reaccel,1746020100.0
2025_04_30,MTF_EXHAUSTION,long,19179.5,74.0,74.5,60,mtf_1m_exhausted,1746021900.0
2025_05_01,MTF_EXHAUSTION,short,19966.25,-15.5,38.0,36,giveback,1746114900.0
2025_05_01,MTF_EXHAUSTION,short,19980.5,37.0,59.5,72,mtf_mean,1746121200.0
2025_05_01,MTF_EXHAUSTION,short,19966.5,10.0,46.5,36,giveback,1746129000.0
2025_05_01,MTF_EXHAUSTION,short,19917.75,19.5,91.5,60,giveback,1746129300.0
2025_05_01,MTF_EXHAUSTION,short,19908.0,243.5,263.5,60,mtf_mean,1746129600.0
2025_05_01,MTF_EXHAUSTION,short,19794.0,-7.0,0.0,12,mtf_mean,1746132000.0
2025_05_04,MTF_EXHAUSTION,short,20162.25,15.0,42.5,46,giveback,1746396000.0
2025_05_06,MTF_EXHAUSTION,short,19929.25,19.0,24.5,48,mtf_1m_exhausted,1746561000.0
2025_05_06,MTF_EXHAUSTION,long,20092.0,23.0,63.0,36,giveback,1746569100.0
2025_05_06,MTF_EXHAUSTION,short,20059.25,15.5,64.0,72,giveback,1746569400.0
2025_05_07,MTF_EXHAUSTION,short,19908.0,189.0,189.0,156,mtf_1m_exhausted,1746629400.0
2025_05_07,MTF_EXHAUSTION,short,19794.0,151.0,182.5,84,mtf_mean,1746641100.0
2025_05_07,MTF_EXHAUSTION,short,19820.0,-12.5,130.0,120,giveback,1746643500.0
2025_05_07,MTF_EXHAUSTION,short,19856.75,15.0,15.0,24,mtf_mean,1746645600.0
2025_05_07,MTF_EXHAUSTION,short,19811.0,26.0,75.0,72,giveback,1746645900.0
2025_05_07,MTF_EXHAUSTION,short,20009.0,76.5,76.5,12,mtf_mean,1746647100.0
2025_05_08,MTF_EXHAUSTION,short,20112.0,10.5,10.5,24,mtf_mean,1746711900.0
2025_05_08,MTF_EXHAUSTION,short,20278.5,59.5,81.0,120,mtf_mean,1746726900.0
2025_05_08,MTF_EXHAUSTION,short,20277.25,39.5,39.5,96,mtf_mean,1746732900.0
2025_05_08,MTF_EXHAUSTION,short,20190.5,70.0,73.0,84,mtf_mean,1746733800.0
2025_05_09,MTF_EXHAUSTION,short,20237.25,318.0,346.0,288,mtf_mean,1746800100.0
2025_05_09,MTF_EXHAUSTION,short,20103.75,51.0,79.0,48,mtf_mean,1746801300.0
2025_05_12,MTF_EXHAUSTION,short,20865.5,158.5,176.5,108,mtf_mean,1747056600.0
2025_05_12,MTF_EXHAUSTION,short,20796.75,1.5,2.0,24,mtf_1m_exhausted,1747058100.0
2025_05_16,MTF_EXHAUSTION,short,21438.75,63.0,93.5,96,mtf_1m_exhausted,1747428600.0
2025_05_19,MTF_EXHAUSTION,short,21368.5,30.5,40.5,60,mtf_mean,1747612800.0
2025_05_20,MTF_EXHAUSTION,short,21409.5,30.0,62.5,36,giveback,1747765200.0
2025_05_20,MTF_EXHAUSTION,short,21335.75,42.0,53.0,60,mtf_5m_reaccel,1747767600.0
2025_05_21,MTF_EXHAUSTION,short,21438.75,352.0,352.0,120,mtf_5m_reaccel,1747847700.0
2025_05_21,MTF_EXHAUSTION,short,21321.75,24.0,49.5,36,giveback,1747848000.0
2025_05_21,MTF_EXHAUSTION,short,21304.0,0.0,0.0,12,mtf_1m_exhausted,1747849200.0
2025_05_21,MTF_EXHAUSTION,short,21246.5,0.5,0.5,12,mtf_1m_exhausted,1747850400.0
2025_05_21,MTF_EXHAUSTION,short,21247.5,26.5,55.5,48,giveback,1747851000.0
2025_05_22,MTF_EXHAUSTION,short,21220.5,31.5,61.5,96,mtf_mean,1747912200.0
2025_05_22,MTF_EXHAUSTION,short,21092.25,0.0,0.0,1,mtf_mean,1747915800.0
2025_05_22,MTF_EXHAUSTION,long,21246.5,87.0,87.0,60,mtf_mean,1747922100.0
2025_05_22,MTF_EXHAUSTION,short,21295.5,68.0,68.0,108,mtf_1m_exhausted,1747923000.0
2025_05_22,MTF_EXHAUSTION,short,21191.75,16.0,37.0,48,giveback,1747943700.0
2025_05_22,MTF_EXHAUSTION,short,21165.75,41.5,50.0,71,mtf_mean,1747954200.0
2025_05_23,MTF_EXHAUSTION,short,20887.0,173.0,173.0,60,mtf_5m_reaccel,1748001300.0
2025_05_23,MTF_EXHAUSTION,short,20772.0,-23.5,0.0,12,mtf_mean,1748005200.0
2025_05_23,MTF_EXHAUSTION,short,20875.25,27.0,27.0,36,mtf_1m_exhausted,1748007900.0
2025_05_23,MTF_EXHAUSTION,short,21058.5,8.5,8.5,24,mtf_1m_exhausted,1748021400.0
2025_05_23,MTF_EXHAUSTION,short,20994.75,0.5,0.5,12,mtf_1m_exhausted,1748029800.0
2025_05_25,MTF_EXHAUSTION,short,21181.75,59.5,60.0,93,mtf_1m_exhausted,1748212200.0
2025_05_28,MTF_EXHAUSTION,short,21444.5,48.5,52.0,108,mtf_mean,1748460900.0
2025_05_28,MTF_EXHAUSTION,short,21395.5,47.0,47.0,48,mtf_1m_exhausted,1748461800.0
2025_05_29,MTF_EXHAUSTION,short,21649.5,81.0,123.5,48,mtf_1m_exhausted,1748525400.0
2025_05_29,MTF_EXHAUSTION,short,21483.75,78.5,98.5,120,mtf_mean,1748532600.0
2025_05_30,MTF_EXHAUSTION,short,21303.5,43.5,90.0,48,giveback,1748607000.0
2025_05_30,MTF_EXHAUSTION,short,21355.0,74.0,97.0,108,mtf_mean,1748611800.0
2025_05_30,MTF_EXHAUSTION,short,21101.5,13.0,43.0,96,giveback,1748623800.0
2025_06_01,MTF_EXHAUSTION,short,21312.0,-4.0,0.0,24,mtf_1m_exhausted,1748815200.0
2025_06_02,MTF_EXHAUSTION,short,21383.5,17.0,41.5,60,giveback,1748874900.0
2025_06_05,MTF_EXHAUSTION,short,21734.25,27.5,58.5,36,giveback,1749131100.0
2025_06_05,MTF_EXHAUSTION,short,21758.0,32.5,32.5,12,mtf_mean,1749132300.0
2025_06_05,MTF_EXHAUSTION,long,21772.25,0.0,0.0,1,mtf_mean,1749134400.0
2025_06_05,MTF_EXHAUSTION,short,21772.75,66.0,104.5,60,mtf_mean,1749141900.0
2025_06_05,MTF_EXHAUSTION,short,21744.0,87.5,108.5,168,mtf_1m_exhausted,1749146100.0
2025_06_05,MTF_EXHAUSTION,short,21601.5,106.0,136.0,60,mtf_mean,1749150900.0
2025_06_05,MTF_EXHAUSTION,long,21596.5,40.0,40.0,60,mtf_5m_reaccel,1749151800.0
2025_06_05,MTF_EXHAUSTION,short,21651.75,19.0,45.5,60,giveback,1749152400.0
2025_06_05,MTF_EXHAUSTION,short,21619.0,5.0,99.5,120,giveback,1749153000.0
2025_06_05,MTF_EXHAUSTION,short,21536.0,-17.5,15.5,48,mtf_mean,1749154500.0
2025_06_06,MTF_EXHAUSTION,short,21802.0,0.0,0.0,12,mtf_1m_exhausted,1749239700.0
2025_06_10,MTF_EXHAUSTION,short,21884.0,117.0,121.5,60,mtf_5m_reaccel,1749532800.0
2025_06_11,MTF_EXHAUSTION,short,22055.0,46.0,111.5,84,giveback,1749654300.0
2025_06_11,MTF_EXHAUSTION,short,21853.25,-29.5,9.0,149,mtf_mean,1749679200.0
2025_06_12,MTF_EXHAUSTION,short,21780.25,-7.5,0.0,35,mtf_mean,1749714600.0
2025_06_13,MTF_EXHAUSTION,short,21755.25,115.5,194.5,71,mtf_mean,1749772800.0
2025_06_13,MTF_EXHAUSTION,short,21588.75,90.0,115.5,60,mtf_5m_reaccel,1749775800.0
2025_06_13,MTF_EXHAUSTION,short,21600.75,38.0,51.5,96,mtf_1m_exhausted,1749780000.0
2025_06_17,MTF_EXHAUSTION,short,21712.5,52.0,81.5,42,mtf_mean,1750197600.0
2025_06_18,MTF_EXHAUSTION,short,21835.5,36.0,36.0,11,mtf_mean,1750269600.0
2025_06_18,MTF_EXHAUSTION,short,21800.5,15.5,15.5,48,mtf_1m_exhausted,1750272300.0
2025_06_18,MTF_EXHAUSTION,short,21781.25,0.0,0.0,12,mtf_1m_exhausted,1750272600.0
2025_06_18,MTF_EXHAUSTION,short,21729.5,109.0,109.0,60,mtf_5m_reaccel,1750272900.0
2025_06_19,MTF_EXHAUSTION,short,21652.75,9.0,45.5,63,giveback,1750292100.0
2025_07_07,MTF_EXHAUSTION,short,22879.75,16.5,53.0,24,giveback,1751905200.0
2025_07_09,MTF_EXHAUSTION,short,23026.5,81.5,111.0,84,mtf_mean,1752071400.0
2025_07_11,MTF_EXHAUSTION,short,22948.0,95.5,95.5,60,mtf_5m_reaccel,1752193200.0
2025_07_11,MTF_EXHAUSTION,short,22920.0,77.5,89.0,120,mtf_5m_reaccel,1752240900.0
2025_07_13,MTF_EXHAUSTION,short,22844.25,-9.0,37.0,36,giveback,1752444000.0
2025_07_14,MTF_EXHAUSTION,short,22964.25,59.0,73.0,120,mtf_mean,1752503100.0
2025_07_16,MTF_EXHAUSTION,short,23027.0,0.0,0.0,1,mtf_mean,1752673200.0
2025_07_16,MTF_EXHAUSTION,short,22974.75,-22.5,0.0,24,mtf_mean,1752673800.0
2025_07_22,MTF_EXHAUSTION,short,23318.75,48.5,49.0,24,mtf_1m_exhausted,1753191000.0
2025_07_22,MTF_EXHAUSTION,short,23254.25,223.0,268.0,240,mtf_5m_reaccel,1753191900.0
2025_07_23,MTF_EXHAUSTION,short,23223.75,7.5,53.5,48,giveback,1753277400.0
2025_07_30,MTF_EXHAUSTION,short,23585.5,111.0,111.0,72,mtf_1m_exhausted,1753900500.0
2025_07_30,MTF_EXHAUSTION,short,23490.5,185.0,201.5,156,mtf_mean,1753901400.0
2025_07_30,MTF_EXHAUSTION,short,23436.0,0.0,0.0,1,mtf_mean,1753903200.0
2025_07_30,MTF_EXHAUSTION,long,23612.25,77.5,77.5,60,mtf_mean,1753905900.0
2025_07_31,MTF_EXHAUSTION,short,23699.0,78.5,96.0,72,mtf_mean,1753968600.0
2025_07_31,MTF_EXHAUSTION,short,23571.75,3.0,7.0,60,mtf_mean,1753973400.0
2025_07_31,MTF_EXHAUSTION,short,23530.0,14.0,91.5,120,giveback,1753974600.0
2025_07_31,MTF_EXHAUSTION,short,23475.75,63.0,73.0,72,mtf_mean,1753982700.0
2025_07_31,MTF_EXHAUSTION,short,23427.25,57.5,58.0,48,mtf_1m_exhausted,1753984200.0
2025_07_31,MTF_EXHAUSTION,short,23296.75,54.5,94.5,84,mtf_mean,1754001300.0
2025_08_01,MTF_EXHAUSTION,short,23115.75,32.0,64.5,72,giveback,1754036700.0
2025_08_01,MTF_EXHAUSTION,short,23088.5,11.5,55.5,60,giveback,1754051400.0
2025_08_01,MTF_EXHAUSTION,long,23146.0,-109.5,27.5,204,mtf_mean,1754052000.0
2025_08_01,MTF_EXHAUSTION,short,23119.5,20.5,53.0,96,giveback,1754052300.0
2025_08_01,MTF_EXHAUSTION,short,23041.25,28.5,112.5,84,giveback,1754055000.0
2025_08_01,MTF_EXHAUSTION,short,22968.5,140.5,140.5,60,mtf_5m_reaccel,1754055600.0
2025_08_01,MTF_EXHAUSTION,long,22971.75,25.0,71.0,84,giveback,1754062800.0
2025_08_05,MTF_EXHAUSTION,short,23355.5,6.5,37.0,24,giveback,1754402400.0
2025_08_05,MTF_EXHAUSTION,short,23172.25,-10.0,7.0,24,mtf_mean,1754405100.0
2025_08_06,MTF_EXHAUSTION,short,23258.75,155.0,182.0,168,mtf_mean,1754489400.0
2025_08_07,MTF_EXHAUSTION,short,23626.75,30.0,70.0,84,giveback,1754575500.0
2025_08_07,MTF_EXHAUSTION,short,23525.5,32.0,48.5,48,mtf_1m_exhausted,1754580300.0
2025_08_11,MTF_EXHAUSTION,short,23627.5,73.0,73.0,60,mtf_5m_reaccel,1754941800.0
2025_08_12,MTF_EXHAUSTION,long,23782.25,20.0,44.5,36,giveback,1755002100.0
2025_08_14,MTF_EXHAUSTION,short,23863.25,88.5,137.0,84,mtf_mean,1755174600.0
2025_08_15,MTF_EXHAUSTION,short,23861.25,-8.5,16.5,60,mtf_mean,1755264600.0
2025_08_15,MTF_EXHAUSTION,short,23814.25,25.0,83.5,120,giveback,1755265500.0
2025_08_19,MTF_EXHAUSTION,short,23663.25,25.5,34.5,48,mtf_mean,1755611100.0
2025_08_19,MTF_EXHAUSTION,short,23679.75,45.0,113.0,96,giveback,1755613500.0
2025_08_19,MTF_EXHAUSTION,short,23628.75,0.0,0.0,1,mtf_mean,1755614100.0
2025_08_20,MTF_EXHAUSTION,short,23385.0,-23.5,37.0,36,giveback,1755696600.0
2025_08_20,MTF_EXHAUSTION,short,23347.5,132.0,132.0,84,mtf_1m_exhausted,1755697200.0
2025_08_20,MTF_EXHAUSTION,short,23304.25,45.5,45.5,24,mtf_1m_exhausted,1755697500.0
2025_08_20,MTF_EXHAUSTION,short,23245.5,104.5,147.0,60,mtf_mean,1755697800.0
2025_08_20,MTF_EXHAUSTION,short,23143.75,7.0,40.0,24,giveback,1755698700.0
2025_08_20,MTF_EXHAUSTION,short,23204.75,59.0,84.0,60,mtf_mean,1755705000.0
2025_08_21,MTF_EXHAUSTION,short,23318.75,44.5,48.0,60,mtf_5m_reaccel,1755786600.0
2025_08_21,MTF_EXHAUSTION,short,23253.75,24.0,83.5,84,giveback,1755789000.0
2025_08_21,MTF_EXHAUSTION,short,23237.0,64.0,74.5,84,mtf_mean,1755791400.0
2025_08_22,MTF_EXHAUSTION,short,23116.5,26.5,69.0,84,giveback,1755844800.0
2025_08_22,MTF_EXHAUSTION,long,23520.25,-11.5,0.0,24,mtf_1m_exhausted,1755871500.0
2025_08_26,MTF_EXHAUSTION,short,23412.0,61.0,68.5,72,mtf_mean,1756168800.0
2025_08_27,MTF_EXHAUSTION,short,23581.75,112.0,280.5,60,giveback,1756326000.0
2025_08_28,MTF_EXHAUSTION,short,23656.25,-3.0,41.0,72,giveback,1756390500.0
2025_08_29,MTF_EXHAUSTION,short,23565.25,14.5,31.0,36,giveback,1756475100.0
2025_08_29,MTF_EXHAUSTION,short,23543.75,170.5,183.0,108,mtf_mean,1756476000.0
2025_09_02,MTF_EXHAUSTION,short,23415.75,27.5,57.0,108,giveback,1756797000.0
2025_09_02,MTF_EXHAUSTION,short,23214.75,66.0,66.0,48,mtf_1m_exhausted,1756824000.0
2025_09_02,MTF_EXHAUSTION,short,23065.0,9.0,18.0,72,mtf_1m_exhausted,1756827300.0
2025_09_03,MTF_EXHAUSTION,short,23448.75,75.5,114.0,60,mtf_5m_reaccel,1756908600.0
2025_09_03,MTF_EXHAUSTION,short,23449.0,68.0,78.0,84,mtf_mean,1756913100.0
2025_09_05,MTF_EXHAUSTION,short,23812.5,42.0,50.5,60,mtf_5m_reaccel,1757081100.0
2025_09_05,MTF_EXHAUSTION,short,23744.75,7.5,29.0,24,mtf_mean,1757081700.0
2025_09_05,MTF_EXHAUSTION,short,23622.5,48.0,48.0,12,mtf_mean,1757084100.0
2025_09_10,MTF_EXHAUSTION,short,23943.25,-39.0,11.0,48,mtf_mean,1757511000.0
2025_09_15,MTF_EXHAUSTION,short,24127.0,35.0,83.5,60,giveback,1757923200.0
2025_09_17,MTF_EXHAUSTION,short,24261.0,318.5,354.5,120,mtf_5m_reaccel,1758132300.0
2025_09_17,MTF_EXHAUSTION,short,24170.0,136.5,172.5,60,mtf_5m_reaccel,1758132600.0
2025_09_17,MTF_EXHAUSTION,long,24118.5,134.5,166.5,120,mtf_mean,1758133200.0
2025_09_17,MTF_EXHAUSTION,short,24185.75,0.0,0.0,1,mtf_mean,1758133800.0
2025_09_17,MTF_EXHAUSTION,short,24079.75,34.0,34.0,12,mtf_mean,1758135000.0
2025_09_17,MTF_EXHAUSTION,long,24166.75,185.5,185.5,96,mtf_mean,1758135600.0
2025_09_17,MTF_EXHAUSTION,long,24222.25,74.5,74.5,36,mtf_mean,1758135900.0
2025_10_01,MTF_EXHAUSTION,short,24709.25,56.5,79.0,72,mtf_mean,1759301100.0
2025_10_02,MTF_EXHAUSTION,short,25142.0,31.0,49.5,60,mtf_5m_reaccel,1759411800.0
2025_10_03,MTF_EXHAUSTION,short,25094.25,76.5,124.5,84,mtf_mean,1759510800.0
2025_10_03,MTF_EXHAUSTION,short,25064.25,18.0,18.0,36,mtf_mean,1759511700.0
2025_10_03,MTF_EXHAUSTION,short,24977.75,30.5,101.5,60,giveback,1759513800.0
2025_10_07,MTF_EXHAUSTION,short,25115.75,70.0,110.5,60,mtf_5m_reaccel,1759849500.0
2025_10_07,MTF_EXHAUSTION,short,25024.75,0.0,0.0,1,mtf_mean,1759851900.0
2025_10_10,MTF_EXHAUSTION,short,25108.25,82.5,172.0,36,giveback,1760108400.0
2025_10_10,MTF_EXHAUSTION,short,24904.5,32.0,73.5,24,giveback,1760109600.0
2025_10_10,MTF_EXHAUSTION,short,24756.5,106.0,118.5,36,mtf_mean,1760110200.0
2025_10_10,MTF_EXHAUSTION,short,24828.75,-6.5,88.0,36,giveback,1760111700.0
2025_10_10,MTF_EXHAUSTION,short,24789.0,11.5,42.5,48,giveback,1760112000.0
2025_10_10,MTF_EXHAUSTION,short,24606.5,22.5,59.0,60,giveback,1760122200.0
2025_10_10,MTF_EXHAUSTION,short,24490.25,-2.5,80.5,60,giveback,1760124900.0
2025_10_10,MTF_EXHAUSTION,short,24507.0,204.5,236.0,120,mtf_mean,1760125800.0
2025_10_10,MTF_EXHAUSTION,short,24298.25,243.0,243.0,96,mtf_mean,1760129400.0
2025_10_13,MTF_EXHAUSTION,short,24779.0,52.5,58.5,84,mtf_mean,1760353500.0
2025_10_14,MTF_EXHAUSTION,short,24741.0,73.5,160.0,180,giveback,1760420100.0
2025_10_14,MTF_EXHAUSTION,short,24663.5,22.5,48.0,60,giveback,1760431500.0
2025_10_14,MTF_EXHAUSTION,short,24605.5,-12.0,16.0,24,mtf_mean,1760448600.0
2025_10_14,MTF_EXHAUSTION,long,24564.5,1.5,22.5,60,mtf_mean,1760450100.0
2025_10_14,MTF_EXHAUSTION,short,24798.5,81.5,180.0,144,giveback,1760470800.0
2025_10_15,MTF_EXHAUSTION,short,24971.75,19.5,26.0,24,mtf_mean,1760542800.0
2025_10_16,MTF_EXHAUSTION,short,25070.0,63.0,129.0,84,giveback,1760628300.0
2025_10_16,MTF_EXHAUSTION,short,25004.75,3.5,35.0,36,giveback,1760629200.0
2025_10_16,MTF_EXHAUSTION,short,24902.75,53.5,55.0,48,mtf_mean,1760631900.0
2025_10_16,MTF_EXHAUSTION,short,24820.25,52.0,121.0,36,giveback,1760632200.0
2025_10_16,MTF_EXHAUSTION,short,24914.5,0.0,0.0,1,mtf_mean,1760634000.0
2025_10_16,MTF_EXHAUSTION,short,24859.0,50.0,50.0,36,mtf_mean,1760637000.0
2025_10_16,MTF_EXHAUSTION,short,24847.75,0.0,0.0,1,mtf_mean,1760637600.0
2025_10_16,MTF_EXHAUSTION,short,24759.0,20.5,51.5,83,giveback,1760655300.0
2025_10_17,MTF_EXHAUSTION,short,24504.5,36.5,36.5,12,mtf_mean,1760686200.0
2025_10_17,MTF_EXHAUSTION,short,24702.5,40.0,40.5,84,mtf_1m_exhausted,1760699700.0
2025_10_17,MTF_EXHAUSTION,short,24955.25,102.0,102.0,36,mtf_1m_exhausted,1760710500.0
2025_10_17,MTF_EXHAUSTION,short,24889.25,92.5,92.5,60,mtf_5m_reaccel,1760711400.0
2025_10_17,MTF_EXHAUSTION,short,24794.75,54.0,60.5,60,mtf_5m_reaccel,1760712900.0
2025_10_22,MTF_EXHAUSTION,short,25243.25,5.0,5.0,24,mtf_1m_exhausted,1761142200.0
2025_10_22,MTF_EXHAUSTION,short,25226.75,23.5,23.5,24,mtf_mean,1761142800.0
2025_10_22,MTF_EXHAUSTION,short,25109.5,112.5,132.0,60,mtf_5m_reaccel,1761146400.0
2025_10_22,MTF_EXHAUSTION,short,25041.75,-16.5,42.0,60,giveback,1761150000.0
2025_10_22,MTF_EXHAUSTION,short,24908.75,-0.5,5.0,24,mtf_mean,1761153600.0
2025_10_22,MTF_EXHAUSTION,short,24849.0,54.0,76.0,60,mtf_5m_reaccel,1761155400.0
2025_10_23,MTF_EXHAUSTION,short,24978.25,-4.5,40.0,60,giveback,1761177600.0
2025_10_23,MTF_EXHAUSTION,short,25036.25,17.0,38.0,84,giveback,1761217200.0
2025_10_29,MTF_EXHAUSTION,short,26152.5,96.0,170.5,96,mtf_mean,1761762900.0
2025_10_29,MTF_EXHAUSTION,short,26204.0,63.5,164.5,60,giveback,1761764400.0
2025_10_29,MTF_EXHAUSTION,short,26239.5,53.0,109.0,36,giveback,1761768300.0
2025_10_30,MTF_EXHAUSTION,short,26345.0,262.5,310.5,132,mtf_mean,1761797100.0
2025_10_30,MTF_EXHAUSTION,short,26245.25,63.0,111.0,72,mtf_mean,1761797400.0
2025_10_30,MTF_EXHAUSTION,short,26244.25,149.5,149.5,36,mtf_mean,1761798000.0
2025_10_30,MTF_EXHAUSTION,short,26253.25,0.0,0.0,1,mtf_mean,1761799200.0
2025_10_30,MTF_EXHAUSTION,short,26135.75,11.0,45.0,60,giveback,1761828000.0
2025_10_30,MTF_EXHAUSTION,short,26085.75,0.0,0.0,1,mtf_mean,1761833700.0
2025_10_30,MTF_EXHAUSTION,short,25922.75,28.0,71.5,48,giveback,1761852000.0
2025_10_31,MTF_EXHAUSTION,short,26179.0,10.0,40.0,24,giveback,1761917400.0
2025_10_31,MTF_EXHAUSTION,short,26089.5,4.5,49.5,60,giveback,1761919200.0
2025_10_31,MTF_EXHAUSTION,short,26136.0,91.0,91.0,24,mtf_mean,1761925500.0
2025_10_31,MTF_EXHAUSTION,short,25994.0,0.0,0.0,1,mtf_mean,1761927300.0
2025_10_31,MTF_EXHAUSTION,short,25992.5,8.0,32.0,24,giveback,1761928800.0
2025_10_31,MTF_EXHAUSTION,short,25975.25,0.0,0.0,1,mtf_mean,1761929400.0
2025_11_03,MTF_EXHAUSTION,short,26209.0,83.0,90.5,108,mtf_mean,1762180500.0
2025_11_03,MTF_EXHAUSTION,short,26070.0,94.0,99.0,120,mtf_5m_reaccel,1762183500.0
2025_11_03,MTF_EXHAUSTION,short,26079.5,0.0,0.0,1,mtf_mean,1762184700.0
2025_11_04,MTF_EXHAUSTION,short,25849.75,9.0,49.0,60,giveback,1762234800.0
2025_11_04,MTF_EXHAUSTION,short,25731.0,28.5,122.0,72,giveback,1762266600.0
2025_11_04,MTF_EXHAUSTION,short,25858.0,80.5,167.5,192,giveback,1762271100.0
2025_11_04,MTF_EXHAUSTION,short,25662.25,6.0,31.0,96,giveback,1762283100.0
2025_11_04,MTF_EXHAUSTION,short,25630.75,89.5,89.5,96,mtf_mean,1762284900.0
2025_11_04,MTF_EXHAUSTION,short,25559.25,89.5,90.0,120,mtf_1m_exhausted,1762297200.0
2025_11_05,MTF_EXHAUSTION,short,25367.25,21.5,41.0,36,mtf_mean,1762305300.0
2025_11_05,MTF_EXHAUSTION,short,25569.0,60.5,83.0,24,mtf_mean,1762353000.0
2025_11_05,MTF_EXHAUSTION,long,25624.25,106.0,106.0,72,mtf_mean,1762354200.0
2025_11_05,MTF_EXHAUSTION,short,25690.0,-21.5,0.0,24,mtf_1m_exhausted,1762359000.0
2025_11_05,MTF_EXHAUSTION,long,25722.25,32.5,40.5,72,mtf_mean,1762359900.0
2025_11_06,MTF_EXHAUSTION,short,25730.0,18.5,61.0,84,giveback,1762437900.0
2025_11_06,MTF_EXHAUSTION,short,25622.5,0.0,0.0,1,mtf_mean,1762440000.0
2025_11_06,MTF_EXHAUSTION,short,25599.75,73.5,89.5,60,mtf_5m_reaccel,1762440600.0
2025_11_06,MTF_EXHAUSTION,short,25485.5,67.0,140.0,60,giveback,1762441200.0
2025_11_06,MTF_EXHAUSTION,long,25509.5,9.0,60.5,72,giveback,1762442400.0
2025_11_06,MTF_EXHAUSTION,short,25496.0,297.0,297.0,120,mtf_5m_reaccel,1762443000.0
2025_11_06,MTF_EXHAUSTION,short,25435.5,176.0,176.0,60,mtf_5m_reaccel,1762443300.0
2025_11_06,MTF_EXHAUSTION,short,25314.75,3.0,3.0,24,mtf_1m_exhausted,1762446600.0
2025_11_06,MTF_EXHAUSTION,short,25251.25,-19.0,0.0,60,mtf_mean,1762446900.0
2025_11_06,MTF_EXHAUSTION,short,25233.25,6.5,54.0,24,giveback,1762448100.0
2025_11_07,MTF_EXHAUSTION,short,25316.25,53.5,74.5,60,mtf_mean,1762477500.0
2025_11_07,MTF_EXHAUSTION,short,25046.25,194.0,241.5,120,mtf_5m_reaccel,1762525800.0
2025_11_07,MTF_EXHAUSTION,short,25031.75,165.0,212.5,60,mtf_5m_reaccel,1762526100.0
2025_11_07,MTF_EXHAUSTION,short,24973.5,83.5,158.5,96,mtf_mean,1762527600.0
2025_11_07,MTF_EXHAUSTION,short,24791.5,19.0,49.0,60,giveback,1762533300.0
2025_11_07,MTF_EXHAUSTION,short,25094.75,80.5,80.5,60,mtf_5m_reaccel,1762546500.0
2025_11_07,MTF_EXHAUSTION,short,25118.5,19.5,101.5,60,giveback,1762548300.0
2025_11_10,MTF_EXHAUSTION,short,25578.0,42.0,65.0,48,mtf_mean,1762789800.0
2025_11_10,MTF_EXHAUSTION,short,25536.75,9.0,38.0,72,giveback,1762794600.0
2025_11_11,MTF_EXHAUSTION,short,25558.0,-10.0,0.0,12,mtf_mean,1762874100.0
2025_11_12,MTF_EXHAUSTION,short,25735.75,109.0,115.0,96,mtf_mean,1762957800.0
2025_11_12,MTF_EXHAUSTION,short,25664.0,0.0,0.0,1,mtf_mean,1762958400.0
2025_11_13,MTF_EXHAUSTION,short,25456.75,188.0,192.5,120,mtf_5m_reaccel,1763044200.0
2025_11_13,MTF_EXHAUSTION,short,25401.75,78.0,82.5,60,mtf_5m_reaccel,1763044500.0
2025_11_13,MTF_EXHAUSTION,short,25397.0,0.0,0.0,1,mtf_mean,1763046000.0
2025_11_13,MTF_EXHAUSTION,short,25261.5,32.5,49.0,36,mtf_mean,1763048700.0
2025_11_13,MTF_EXHAUSTION,short,25222.25,103.0,109.0,120,mtf_mean,1763051700.0
2025_11_13,MTF_EXHAUSTION,short,25227.75,39.5,39.5,24,mtf_1m_exhausted,1763055600.0
2025_11_13,MTF_EXHAUSTION,short,25140.75,48.5,74.5,84,mtf_mean,1763057700.0
2025_11_13,MTF_EXHAUSTION,short,25109.0,-27.0,0.0,12,mtf_mean,1763067000.0
2025_11_14,MTF_EXHAUSTION,short,24968.0,16.0,56.0,84,giveback,1763104500.0
2025_11_14,MTF_EXHAUSTION,short,24808.5,0.0,0.0,1,mtf_mean,1763121600.0
2025_11_14,MTF_EXHAUSTION,short,24730.0,111.0,117.0,120,mtf_mean,1763123700.0
2025_11_14,MTF_EXHAUSTION,short,24735.25,40.5,197.0,120,giveback,1763130300.0
2025_11_14,MTF_EXHAUSTION,short,24698.0,-34.0,122.5,60,giveback,1763130600.0
2025_11_14,MTF_EXHAUSTION,long,24867.75,171.0,171.0,72,mtf_mean,1763131800.0
2025_11_14,MTF_EXHAUSTION,short,24930.75,7.5,38.0,60,giveback,1763132400.0
2025_11_14,MTF_EXHAUSTION,short,24954.75,47.5,165.0,60,giveback,1763133000.0
2025_11_14,MTF_EXHAUSTION,long,25158.75,116.5,202.0,180,mtf_5m_reaccel,1763137200.0
2025_11_14,MTF_EXHAUSTION,short,25257.5,0.0,0.0,1,mtf_mean,1763142000.0
2025_11_14,MTF_EXHAUSTION,short,25259.0,0.0,0.0,1,mtf_mean,1763142300.0
2025_11_14,MTF_EXHAUSTION,short,25125.75,20.5,20.5,12,mtf_mean,1763153100.0
2025_11_17,MTF_EXHAUSTION,long,25210.75,22.0,22.0,36,mtf_1m_exhausted,1763339400.0
2025_11_17,MTF_EXHAUSTION,short,25265.75,50.0,69.0,105,mtf_mean,1763374500.0
2025_11_17,MTF_EXHAUSTION,short,25177.5,38.5,67.0,72,mtf_mean,1763380800.0
2025_11_17,MTF_EXHAUSTION,short,25073.0,4.0,25.5,72,mtf_mean,1763386200.0
2025_11_17,MTF_EXHAUSTION,long,25106.0,130.0,130.0,60,mtf_1m_exhausted,1763390100.0
2025_11_17,MTF_EXHAUSTION,short,25042.25,0.0,0.0,1,mtf_mean,1763395500.0
2025_11_17,MTF_EXHAUSTION,short,25052.5,37.5,37.5,12,mtf_mean,1763401800.0
2025_11_17,MTF_EXHAUSTION,short,24926.75,62.0,62.0,48,mtf_1m_exhausted,1763405700.0
2025_11_18,MTF_EXHAUSTION,short,24914.75,73.0,75.0,59,mtf_1m_exhausted,1763424900.0
2025_11_18,MTF_EXHAUSTION,short,24876.75,-11.5,46.5,68,giveback,1763427300.0
2025_11_18,MTF_EXHAUSTION,short,24743.0,137.5,265.5,240,mtf_5m_reaccel,1763439000.0
2025_11_18,MTF_EXHAUSTION,short,24676.75,18.0,62.5,60,giveback,1763447700.0
2025_11_18,MTF_EXHAUSTION,short,24777.75,58.5,100.5,84,mtf_mean,1763467200.0
2025_11_18,MTF_EXHAUSTION,short,24555.25,163.5,221.0,120,mtf_5m_reaccel,1763477700.0
2025_11_18,MTF_EXHAUSTION,short,24494.75,0.0,0.0,1,mtf_mean,1763478900.0
2025_11_18,MTF_EXHAUSTION,short,24518.75,91.5,121.0,60,mtf_mean,1763481300.0
2025_11_18,MTF_EXHAUSTION,short,24473.0,0.0,0.0,1,mtf_mean,1763481600.0
2025_11_18,MTF_EXHAUSTION,short,24642.0,-3.0,52.5,24,giveback,1763485500.0
2025_11_18,MTF_EXHAUSTION,short,24592.25,-0.5,0.0,12,mtf_1m_exhausted,1763486700.0
2025_11_18,MTF_EXHAUSTION,long,24667.5,49.0,107.0,60,giveback,1763487600.0
2025_11_18,MTF_EXHAUSTION,short,24743.5,-23.5,31.0,60,giveback,1763490300.0
2025_11_18,MTF_EXHAUSTION,short,24736.5,26.5,80.5,60,giveback,1763492100.0
2025_11_18,MTF_EXHAUSTION,short,24740.75,18.5,48.0,60,giveback,1763493600.0
2025_11_18,MTF_EXHAUSTION,short,24791.5,58.5,58.5,24,mtf_mean,1763496000.0
2025_11_19,MTF_EXHAUSTION,short,24892.25,107.5,107.5,60,mtf_5m_reaccel,1763567100.0
2025_11_19,MTF_EXHAUSTION,short,24788.0,26.5,61.5,60,giveback,1763567700.0
2025_11_19,MTF_EXHAUSTION,short,24742.5,34.0,34.0,12,mtf_mean,1763568300.0
2025_11_19,MTF_EXHAUSTION,short,24735.25,66.0,123.5,84,mtf_mean,1763569200.0
2025_11_19,MTF_EXHAUSTION,short,24678.5,7.0,11.5,36,mtf_mean,1763570100.0
2025_11_19,MTF_EXHAUSTION,short,24621.25,0.0,0.0,1,mtf_mean,1763573400.0
2025_11_19,MTF_EXHAUSTION,short,24651.5,19.0,43.0,60,giveback,1763576100.0
2025_11_19,MTF_EXHAUSTION,short,24669.25,30.5,30.5,12,mtf_mean,1763577600.0
2025_11_19,MTF_EXHAUSTION,short,24731.75,14.0,53.0,60,giveback,1763585100.0
2025_11_19,MTF_EXHAUSTION,short,24922.0,30.5,31.5,60,mtf_5m_reaccel,1763588100.0
2025_11_20,MTF_EXHAUSTION,short,25240.25,91.5,96.0,84,mtf_1m_exhausted,1763651100.0
2025_11_20,MTF_EXHAUSTION,long,25228.5,60.0,60.5,108,mtf_1m_exhausted,1763652000.0
2025_11_20,MTF_EXHAUSTION,short,25129.5,8.5,8.5,24,mtf_mean,1763654400.0
2025_11_20,MTF_EXHAUSTION,short,24981.75,32.5,148.5,144,giveback,1763655300.0
2025_11_20,MTF_EXHAUSTION,short,24918.5,82.0,92.5,36,mtf_mean,1763656200.0
2025_11_20,MTF_EXHAUSTION,short,24844.25,60.5,126.5,48,giveback,1763656500.0
2025_11_20,MTF_EXHAUSTION,short,24765.0,-52.5,46.0,36,giveback,1763656800.0
2025_11_20,MTF_EXHAUSTION,short,24757.75,62.0,62.0,24,mtf_mean,1763657400.0
2025_11_20,MTF_EXHAUSTION,short,24609.75,78.5,112.0,60,mtf_5m_reaccel,1763657700.0
2025_11_20,MTF_EXHAUSTION,short,24554.0,50.5,50.5,12,mtf_mean,1763658300.0
2025_11_20,MTF_EXHAUSTION,short,24461.25,0.0,0.0,1,mtf_mean,1763658900.0
2025_11_20,MTF_EXHAUSTION,short,24478.5,287.0,287.0,60,mtf_5m_reaccel,1763659800.0
2025_11_20,MTF_EXHAUSTION,long,24418.0,84.0,84.0,60,mtf_5m_reaccel,1763661600.0
2025_11_20,MTF_EXHAUSTION,short,24561.5,67.0,165.5,60,giveback,1763662500.0
2025_11_20,MTF_EXHAUSTION,short,24487.75,0.0,0.0,1,mtf_mean,1763663400.0
2025_11_20,MTF_EXHAUSTION,short,24434.5,156.5,156.5,60,mtf_5m_reaccel,1763663700.0
2025_11_20,MTF_EXHAUSTION,short,24264.25,-18.5,0.0,12,mtf_mean,1763664600.0
2025_11_20,MTF_EXHAUSTION,short,24307.75,27.0,60.5,60,giveback,1763667000.0
2025_11_20,MTF_EXHAUSTION,short,24303.0,29.0,60.5,24,giveback,1763667900.0
2025_11_20,MTF_EXHAUSTION,long,24362.25,24.0,71.0,60,giveback,1763668500.0
2025_11_20,MTF_EXHAUSTION,short,24374.25,0.0,0.0,1,mtf_mean,1763668800.0
2025_11_20,MTF_EXHAUSTION,short,24320.5,56.0,150.0,96,giveback,1763670000.0
2025_11_20,MTF_EXHAUSTION,short,24227.75,131.5,149.5,108,mtf_mean,1763670900.0
2025_11_21,MTF_EXHAUSTION,short,24134.75,41.0,97.0,60,giveback,1763711100.0
2025_11_21,MTF_EXHAUSTION,short,24056.75,0.0,0.0,1,mtf_mean,1763718900.0
2025_11_21,MTF_EXHAUSTION,short,24012.75,132.0,161.0,84,mtf_mean,1763719200.0
2025_11_21,MTF_EXHAUSTION,long,24037.75,46.5,49.5,72,mtf_mean,1763721300.0
2025_11_21,MTF_EXHAUSTION,long,24143.75,76.5,76.5,48,mtf_mean,1763728500.0
2025_11_21,MTF_EXHAUSTION,short,24235.25,39.5,88.5,60,giveback,1763729700.0
2025_11_21,MTF_EXHAUSTION,short,24222.5,-11.5,55.5,60,giveback,1763731500.0
2025_11_21,MTF_EXHAUSTION,short,24227.5,45.5,71.0,96,mtf_mean,1763734500.0
2025_11_21,MTF_EXHAUSTION,short,24207.75,-35.5,65.5,60,giveback,1763735700.0
2025_11_21,MTF_EXHAUSTION,short,24259.5,204.5,204.5,60,mtf_5m_reaccel,1763736900.0
2025_11_21,MTF_EXHAUSTION,short,24123.5,0.0,0.0,1,mtf_mean,1763737800.0
2025_11_21,MTF_EXHAUSTION,short,23976.25,15.0,48.0,36,giveback,1763739300.0
2025_11_21,MTF_EXHAUSTION,long,24041.25,107.0,107.0,60,mtf_1m_exhausted,1763739900.0
2025_11_21,MTF_EXHAUSTION,short,24337.5,-7.5,0.0,24,mtf_mean,1763748000.0
2025_11_21,MTF_EXHAUSTION,short,24246.25,-13.0,0.0,12,mtf_mean,1763748600.0
2025_11_21,MTF_EXHAUSTION,short,24539.75,81.0,81.0,24,mtf_mean,1763751000.0
2025_11_21,MTF_EXHAUSTION,short,24389.25,122.0,202.5,120,mtf_5m_reaccel,1763758200.0
2025_11_24,MTF_EXHAUSTION,short,24400.0,21.5,57.0,60,giveback,1763976300.0
2025_11_25,MTF_EXHAUSTION,short,24795.25,213.5,213.5,60,mtf_5m_reaccel,1764081600.0
2025_11_25,MTF_EXHAUSTION,long,24765.25,28.5,100.5,72,giveback,1764082500.0
2025_11_26,MTF_EXHAUSTION,short,25219.25,4.5,37.0,24,giveback,1764168900.0
2025_11_26,MTF_EXHAUSTION,short,25195.5,38.5,38.5,48,mtf_mean,1764169800.0
2025_12_01,MTF_EXHAUSTION,long,25321.75,0.5,0.5,12,mtf_1m_exhausted,1764600600.0
2025_12_01,MTF_EXHAUSTION,short,25313.25,37.5,50.0,60,mtf_5m_reaccel,1764603000.0
2025_12_02,MTF_EXHAUSTION,short,25616.75,67.5,67.5,60,mtf_5m_reaccel,1764691500.0
2025_12_03,MTF_EXHAUSTION,short,25637.0,235.0,235.0,60,mtf_5m_reaccel,1764770400.0
2025_12_03,MTF_EXHAUSTION,short,25555.0,49.0,104.0,132,giveback,1764774300.0
2025_12_04,MTF_EXHAUSTION,short,25669.5,123.5,205.0,60,mtf_5m_reaccel,1764858600.0
2025_12_05,MTF_EXHAUSTION,short,25806.0,0.0,0.0,1,mtf_mean,1764949800.0
2025_12_08,MTF_EXHAUSTION,short,25663.25,0.0,0.0,12,mtf_1m_exhausted,1765218300.0
2025_12_10,MTF_EXHAUSTION,short,25663.75,34.0,79.5,108,giveback,1765362300.0
2025_12_10,MTF_EXHAUSTION,short,25668.0,4.5,43.0,48,giveback,1765395600.0
2025_12_10,MTF_EXHAUSTION,short,25788.0,40.0,51.5,79,mtf_mean,1765407600.0
2025_12_11,MTF_EXHAUSTION,short,25455.5,-0.5,0.0,12,mtf_1m_exhausted,1765423800.0
2025_12_11,MTF_EXHAUSTION,short,25593.0,-27.0,39.0,60,giveback,1765463400.0
2025_12_11,MTF_EXHAUSTION,short,25556.0,189.0,189.0,60,mtf_5m_reaccel,1765464300.0
2025_12_11,MTF_EXHAUSTION,short,25542.0,40.5,138.5,180,giveback,1765467600.0
2025_12_11,MTF_EXHAUSTION,short,25557.75,72.0,170.0,120,giveback,1765467900.0
2025_12_11,MTF_EXHAUSTION,short,25713.25,7.0,7.0,60,mtf_5m_reaccel,1765494000.0
2025_12_12,MTF_EXHAUSTION,short,25520.5,73.0,73.0,60,mtf_5m_reaccel,1765551600.0
2025_12_12,MTF_EXHAUSTION,short,25369.25,98.5,98.5,60,mtf_1m_exhausted,1765553100.0
2025_12_12,MTF_EXHAUSTION,short,25362.25,194.5,260.0,120,mtf_5m_reaccel,1765554600.0
2025_12_12,MTF_EXHAUSTION,short,25315.75,101.5,167.0,60,mtf_5m_reaccel,1765554900.0
2025_12_12,MTF_EXHAUSTION,short,25211.5,70.5,93.0,48,mtf_mean,1765557000.0
2025_12_12,MTF_EXHAUSTION,short,25248.0,52.0,52.5,48,mtf_1m_exhausted,1765560300.0
2025_12_15,MTF_EXHAUSTION,short,25380.0,31.5,125.0,72,giveback,1765809000.0
2025_12_15,MTF_EXHAUSTION,short,25276.5,53.0,59.5,36,mtf_mean,1765810200.0
2025_12_15,MTF_EXHAUSTION,short,25206.25,-5.5,0.0,12,mtf_mean,1765810800.0
2025_12_15,MTF_EXHAUSTION,short,25152.0,-9.0,45.5,60,giveback,1765811700.0
2025_12_15,MTF_EXHAUSTION,short,25156.5,28.5,28.5,24,mtf_mean,1765812000.0
2025_12_16,MTF_EXHAUSTION,short,24936.0,87.5,107.5,72,mtf_mean,1765848900.0
2025_12_16,MTF_EXHAUSTION,short,25078.75,28.0,78.0,57,giveback,1765892100.0
2025_12_16,MTF_EXHAUSTION,short,25037.25,30.5,75.5,47,giveback,1765896000.0
2025_12_16,MTF_EXHAUSTION,short,25051.75,34.5,35.5,48,mtf_mean,1765898100.0
2025_12_16,MTF_EXHAUSTION,short,25087.0,67.5,67.5,59,mtf_5m_reaccel,1765904700.0
2025_12_17,MTF_EXHAUSTION,short,25138.5,60.5,61.0,24,mtf_1m_exhausted,1765982100.0
2025_12_17,MTF_EXHAUSTION,short,24996.0,51.5,66.0,59,mtf_5m_reaccel,1765985700.0
2025_12_17,MTF_EXHAUSTION,short,24887.75,111.5,111.5,60,mtf_mean,1765986600.0
2025_12_17,MTF_EXHAUSTION,short,24806.5,51.5,68.0,90,mtf_mean,1765995000.0
2025_12_17,MTF_EXHAUSTION,short,24713.75,103.5,107.0,108,mtf_mean,1766004600.0
2025_12_17,MTF_EXHAUSTION,long,24725.0,63.0,63.0,69,mtf_mean,1766005500.0
2025_12_18,MTF_EXHAUSTION,short,25007.5,87.0,109.5,108,mtf_mean,1766068500.0
2025_12_18,MTF_EXHAUSTION,short,24984.0,28.0,56.0,60,mtf_mean,1766070600.0
2025_12_18,MTF_EXHAUSTION,short,25092.25,117.0,120.5,60,mtf_5m_reaccel,1766084400.0
2025_12_18,MTF_EXHAUSTION,short,25083.75,197.0,222.5,288,mtf_mean,1766091000.0
2025_12_18,MTF_EXHAUSTION,short,25050.5,130.5,156.0,228,mtf_mean,1766091300.0
