tier,sub_motif_shape,measure_shape,n_is,n_oos,mean_is,mean_oos,sum_is,sum_oos,sign_match
CASCADE,FLATLINE,FLATLINE,19,5,-2.21,0.0,-42.0,0.0,0
CASCADE,FLATLINE,NOISE,44,7,1.73,1.07,76.0,8.0,1
CASCADE,FLATLINE,STEEP_CONCAVE_UP,23,8,0.67,3.5,16.0,28.0,1
CASCADE,FLATLINE,STEEP_CONVEX_DOWN,38,6,1.3,6.17,50.0,37.0,1
CASCADE,FLATLINE,STEEP_LINEAR_DOWN,53,19,-2.27,-1.05,-120.0,-20.0,1
CASCADE,FLATLINE,STEEP_LINEAR_UP,45,12,-5.28,-2.08,-238.0,-25.0,1
CASCADE,GENTLE_CONCAVE_DOWN,STEEP_LINEAR_DOWN,17,2,-2.41,-7.0,-41.0,-14.0,1
CASCADE,GENTLE_CONCAVE_UP,FLATLINE,23,3,-2.7,-1.83,-62.0,-6.0,1
CASCADE,GENTLE_CONCAVE_UP,GENTLE_LINEAR_UP,14,1,0.86,3.5,12.0,4.0,1
CASCADE,GENTLE_CONCAVE_UP,NOISE,67,5,2.02,5.0,136.0,25.0,1
CASCADE,GENTLE_CONCAVE_UP,STEEP_CONCAVE_DOWN,10,0,-7.05,,-70.0,0.0,-1
CASCADE,GENTLE_CONCAVE_UP,STEEP_CONCAVE_UP,32,0,0.27,,8.0,0.0,-1
CASCADE,GENTLE_CONCAVE_UP,STEEP_CONVEX_DOWN,32,12,-0.86,-1.62,-28.0,-20.0,1
CASCADE,GENTLE_CONCAVE_UP,STEEP_LINEAR_DOWN,41,11,-0.41,-4.23,-17.0,-46.0,1
CASCADE,GENTLE_CONCAVE_UP,STEEP_LINEAR_UP,14,0,-0.39,,-6.0,0.0,-1
CASCADE,GENTLE_CONVEX_DOWN,NOISE,25,5,2.06,5.5,52.0,28.0,1
CASCADE,GENTLE_CONVEX_DOWN,STEEP_CONCAVE_UP,10,5,-2.95,0.6,-30.0,3.0,0
CASCADE,GENTLE_CONVEX_DOWN,STEEP_CONVEX_DOWN,59,3,-1.25,-0.17,-74.0,-0.0,1
CASCADE,GENTLE_CONVEX_DOWN,STEEP_LINEAR_DOWN,28,9,2.05,-0.33,58.0,-3.0,0
CASCADE,GENTLE_CONVEX_DOWN,STEEP_LINEAR_UP,23,4,0.78,4.88,18.0,20.0,1
CASCADE,GENTLE_LINEAR_DOWN,FLATLINE,10,3,-2.2,-0.83,-22.0,-2.0,1
CASCADE,GENTLE_LINEAR_DOWN,NOISE,24,3,1.1,6.17,26.0,18.0,1
CASCADE,GENTLE_LINEAR_DOWN,STEEP_CONVEX_DOWN,41,5,-0.83,-1.9,-34.0,-10.0,1
CASCADE,GENTLE_LINEAR_DOWN,STEEP_LINEAR_DOWN,53,9,-0.85,-0.06,-45.0,-0.0,1
CASCADE,GENTLE_LINEAR_UP,FLATLINE,10,4,-0.2,6.5,-2.0,26.0,0
CASCADE,GENTLE_LINEAR_UP,NOISE,16,5,4.91,1.5,78.0,8.0,1
CASCADE,GENTLE_LINEAR_UP,STEEP_CONCAVE_UP,26,4,0.13,-2.0,4.0,-8.0,0
CASCADE,GENTLE_LINEAR_UP,STEEP_CONVEX_DOWN,13,1,1.58,0.0,20.0,0.0,0
CASCADE,GENTLE_LINEAR_UP,STEEP_LINEAR_DOWN,18,3,-0.67,3.33,-12.0,10.0,0
CASCADE,GENTLE_LINEAR_UP,STEEP_LINEAR_UP,26,7,-1.58,-2.14,-41.0,-15.0,1
CASCADE,NOISE,NOISE,35,8,-0.24,13.75,-8.0,110.0,0
CASCADE,NOISE,STEEP_CONCAVE_UP,21,0,5.12,,108.0,0.0,-1
CASCADE,NOISE,STEEP_CONVEX_DOWN,16,4,1.44,4.75,23.0,19.0,1
CASCADE,NOISE,STEEP_LINEAR_DOWN,28,11,0.02,-5.36,0.0,-59.0,0
CASCADE,NOISE,STEEP_LINEAR_UP,16,10,-3.97,-0.75,-64.0,-8.0,1
CASCADE,STEEP_CONCAVE_DOWN,STEEP_LINEAR_DOWN,28,2,-3.93,21.5,-110.0,43.0,0
CASCADE,STEEP_CONCAVE_UP,FLATLINE,33,3,0.89,0.5,30.0,2.0,1
CASCADE,STEEP_CONCAVE_UP,NOISE,38,5,4.01,5.2,152.0,26.0,1
CASCADE,STEEP_CONCAVE_UP,STEEP_CONCAVE_UP,48,18,-1.77,-0.83,-85.0,-15.0,1
CASCADE,STEEP_CONCAVE_UP,STEEP_CONVEX_DOWN,40,23,2.2,1.96,88.0,45.0,1
CASCADE,STEEP_CONCAVE_UP,STEEP_LINEAR_DOWN,46,21,0.67,-2.43,31.0,-51.0,0
CASCADE,STEEP_CONCAVE_UP,STEEP_LINEAR_UP,39,12,-0.33,-13.54,-13.0,-162.0,1
CASCADE,STEEP_CONVEX_DOWN,FLATLINE,26,8,2.37,1.44,62.0,12.0,1
CASCADE,STEEP_CONVEX_DOWN,NOISE,35,14,0.39,7.86,14.0,110.0,1
CASCADE,STEEP_CONVEX_DOWN,STEEP_CONCAVE_UP,34,3,0.4,-27.17,14.0,-82.0,0
CASCADE,STEEP_CONVEX_DOWN,STEEP_CONVEX_DOWN,48,7,1.51,-0.57,72.0,-4.0,0
CASCADE,STEEP_CONVEX_DOWN,STEEP_LINEAR_DOWN,47,12,-0.9,-5.38,-42.0,-64.0,1
CASCADE,STEEP_CONVEX_DOWN,STEEP_LINEAR_UP,27,13,-5.33,-11.65,-144.0,-152.0,1
CASCADE,STEEP_LINEAR_DOWN,FLATLINE,17,13,4.18,9.08,71.0,118.0,1
CASCADE,STEEP_LINEAR_DOWN,NOISE,27,8,-0.94,3.75,-26.0,30.0,0
CASCADE,STEEP_LINEAR_DOWN,STEEP_CONCAVE_UP,23,13,6.5,2.12,150.0,28.0,1
CASCADE,STEEP_LINEAR_DOWN,STEEP_CONVEX_DOWN,91,24,-0.26,-4.79,-24.0,-115.0,1
CASCADE,STEEP_LINEAR_DOWN,STEEP_LINEAR_DOWN,97,26,-1.43,-1.37,-138.0,-36.0,1
CASCADE,STEEP_LINEAR_DOWN,STEEP_LINEAR_UP,25,14,3.12,-3.14,78.0,-44.0,0
CASCADE,STEEP_LINEAR_UP,FLATLINE,28,1,-0.21,0.0,-6.0,0.0,0
CASCADE,STEEP_LINEAR_UP,GENTLE_CONVEX_DOWN,15,0,1.07,,16.0,0.0,-1
CASCADE,STEEP_LINEAR_UP,NOISE,39,7,2.18,0.36,85.0,2.0,1
CASCADE,STEEP_LINEAR_UP,STEEP_CONCAVE_DOWN,15,2,-1.33,33.75,-20.0,68.0,0
CASCADE,STEEP_LINEAR_UP,STEEP_CONCAVE_UP,89,13,-0.71,-3.88,-64.0,-50.0,1
CASCADE,STEEP_LINEAR_UP,STEEP_CONVEX_DOWN,49,4,0.74,4.12,36.0,16.0,1
CASCADE,STEEP_LINEAR_UP,STEEP_LINEAR_DOWN,32,6,0.59,-3.08,19.0,-18.0,0
CASCADE,STEEP_LINEAR_UP,STEEP_LINEAR_UP,89,34,-0.29,-5.59,-26.0,-190.0,1
FADE_AGAINST,FLATLINE,NOISE,26,2,0.73,17.0,19.0,34.0,1
FADE_AGAINST,FLATLINE,STEEP_CONCAVE_UP,18,0,-1.06,,-19.0,0.0,-1
FADE_AGAINST,FLATLINE,STEEP_CONVEX_DOWN,17,3,2.65,2.67,45.0,8.0,1
FADE_AGAINST,FLATLINE,STEEP_CONVEX_UP,11,2,-7.82,-1.5,-86.0,-3.0,1
FADE_AGAINST,FLATLINE,STEEP_LINEAR_DOWN,30,12,-3.67,2.17,-110.0,26.0,0
FADE_AGAINST,FLATLINE,STEEP_LINEAR_UP,41,16,-2.27,-2.31,-93.0,-37.0,1
FADE_AGAINST,GENTLE_CONCAVE_UP,NOISE,23,7,0.63,0.43,14.0,3.0,1
FADE_AGAINST,GENTLE_CONCAVE_UP,STEEP_CONCAVE_UP,29,1,0.19,4.0,6.0,4.0,1
FADE_AGAINST,GENTLE_CONCAVE_UP,STEEP_CONVEX_DOWN,16,6,-0.62,10.17,-10.0,61.0,0
FADE_AGAINST,GENTLE_CONCAVE_UP,STEEP_LINEAR_DOWN,21,1,-3.69,-6.5,-78.0,-6.0,1
FADE_AGAINST,GENTLE_CONVEX_DOWN,FLATLINE,14,1,-1.36,-2.0,-19.0,-2.0,1
FADE_AGAINST,GENTLE_CONVEX_DOWN,NOISE,29,7,1.57,1.14,46.0,8.0,1
FADE_AGAINST,GENTLE_CONVEX_DOWN,STEEP_CONCAVE_UP,18,3,0.94,4.17,17.0,12.0,1
FADE_AGAINST,GENTLE_CONVEX_DOWN,STEEP_CONVEX_DOWN,24,5,1.48,0.7,36.0,4.0,1
FADE_AGAINST,GENTLE_CONVEX_DOWN,STEEP_CONVEX_UP,11,0,1.45,,16.0,0.0,-1
FADE_AGAINST,GENTLE_CONVEX_DOWN,STEEP_LINEAR_DOWN,11,3,1.59,1.0,18.0,3.0,1
FADE_AGAINST,GENTLE_CONVEX_DOWN,STEEP_LINEAR_UP,62,24,-1.11,1.21,-69.0,29.0,0
FADE_AGAINST,GENTLE_CONVEX_UP,STEEP_LINEAR_UP,11,1,-0.59,0.0,-6.0,0.0,0
FADE_AGAINST,GENTLE_LINEAR_DOWN,NOISE,12,2,-2.54,1.25,-30.0,2.0,0
FADE_AGAINST,GENTLE_LINEAR_DOWN,STEEP_CONCAVE_UP,19,2,0.74,6.25,14.0,12.0,1
FADE_AGAINST,GENTLE_LINEAR_DOWN,STEEP_CONVEX_DOWN,10,1,0.9,3.5,9.0,4.0,1
FADE_AGAINST,GENTLE_LINEAR_DOWN,STEEP_LINEAR_DOWN,14,1,1.46,0.0,20.0,0.0,0
FADE_AGAINST,GENTLE_LINEAR_DOWN,STEEP_LINEAR_UP,24,5,-1.33,-0.8,-32.0,-4.0,1
FADE_AGAINST,GENTLE_LINEAR_UP,NOISE,12,1,3.21,15.5,38.0,16.0,1
FADE_AGAINST,GENTLE_LINEAR_UP,STEEP_CONCAVE_UP,20,3,2.95,0.5,59.0,2.0,1
FADE_AGAINST,GENTLE_LINEAR_UP,STEEP_CONVEX_DOWN,11,0,1.14,,12.0,0.0,-1
FADE_AGAINST,GENTLE_LINEAR_UP,STEEP_LINEAR_UP,17,9,2.38,-0.94,40.0,-8.0,0
FADE_AGAINST,NOISE,NOISE,28,7,-1.05,-2.86,-30.0,-20.0,1
FADE_AGAINST,NOISE,STEEP_CONCAVE_UP,15,0,4.73,,71.0,0.0,-1
FADE_AGAINST,NOISE,STEEP_CONVEX_DOWN,10,4,4.3,2.12,43.0,8.0,1
FADE_AGAINST,NOISE,STEEP_LINEAR_DOWN,29,9,-3.71,0.44,-108.0,4.0,0
FADE_AGAINST,NOISE,STEEP_LINEAR_UP,40,8,-1.74,2.19,-70.0,18.0,0
FADE_AGAINST,STEEP_CONCAVE_UP,FLATLINE,12,2,0.75,1.75,9.0,4.0,1
FADE_AGAINST,STEEP_CONCAVE_UP,NOISE,30,5,10.48,-0.6,314.0,-3.0,0
FADE_AGAINST,STEEP_CONCAVE_UP,STEEP_CONCAVE_UP,69,16,1.2,-0.03,83.0,-0.0,0
FADE_AGAINST,STEEP_CONCAVE_UP,STEEP_CONVEX_DOWN,66,8,2.8,1.5,185.0,12.0,1
FADE_AGAINST,STEEP_CONCAVE_UP,STEEP_LINEAR_DOWN,49,13,-0.71,-6.31,-35.0,-82.0,1
FADE_AGAINST,STEEP_CONCAVE_UP,STEEP_LINEAR_UP,46,10,-0.47,4.25,-22.0,42.0,0
FADE_AGAINST,STEEP_CONVEX_DOWN,FLATLINE,15,7,2.77,0.07,42.0,0.0,1
FADE_AGAINST,STEEP_CONVEX_DOWN,NOISE,39,4,3.29,8.62,128.0,34.0,1
FADE_AGAINST,STEEP_CONVEX_DOWN,STEEP_CONCAVE_UP,41,18,1.5,-0.31,62.0,-6.0,0
FADE_AGAINST,STEEP_CONVEX_DOWN,STEEP_CONVEX_DOWN,61,22,1.36,0.16,83.0,4.0,1
FADE_AGAINST,STEEP_CONVEX_DOWN,STEEP_LINEAR_DOWN,37,10,2.58,-2.45,96.0,-24.0,0
FADE_AGAINST,STEEP_CONVEX_DOWN,STEEP_LINEAR_UP,45,24,-0.72,-3.58,-32.0,-86.0,1
FADE_AGAINST,STEEP_CONVEX_UP,STEEP_CONCAVE_UP,11,2,0.23,-4.5,2.0,-9.0,0
FADE_AGAINST,STEEP_CONVEX_UP,STEEP_LINEAR_UP,11,4,7.95,5.75,88.0,23.0,1
FADE_AGAINST,STEEP_LINEAR_DOWN,FLATLINE,18,7,0.06,4.29,1.0,30.0,1
FADE_AGAINST,STEEP_LINEAR_DOWN,NOISE,41,7,6.59,-0.5,270.0,-4.0,0
FADE_AGAINST,STEEP_LINEAR_DOWN,STEEP_CONCAVE_UP,43,16,1.67,1.38,72.0,22.0,1
FADE_AGAINST,STEEP_LINEAR_DOWN,STEEP_CONVEX_DOWN,107,19,-0.62,2.84,-66.0,54.0,0
FADE_AGAINST,STEEP_LINEAR_DOWN,STEEP_LINEAR_DOWN,119,40,-0.39,0.88,-46.0,35.0,0
FADE_AGAINST,STEEP_LINEAR_DOWN,STEEP_LINEAR_UP,38,2,-4.63,-12.5,-176.0,-25.0,1
FADE_AGAINST,STEEP_LINEAR_UP,FLATLINE,16,4,4.31,4.38,69.0,18.0,1
FADE_AGAINST,STEEP_LINEAR_UP,NOISE,20,7,3.8,8.79,76.0,62.0,1
FADE_AGAINST,STEEP_LINEAR_UP,STEEP_CONCAVE_DOWN,13,4,-5.08,-7.38,-66.0,-30.0,1
FADE_AGAINST,STEEP_LINEAR_UP,STEEP_CONCAVE_UP,102,34,1.2,2.76,122.0,94.0,1
FADE_AGAINST,STEEP_LINEAR_UP,STEEP_CONVEX_DOWN,40,7,3.96,-13.71,158.0,-96.0,0
FADE_AGAINST,STEEP_LINEAR_UP,STEEP_LINEAR_DOWN,42,16,-0.86,2.41,-36.0,38.0,0
FADE_AGAINST,STEEP_LINEAR_UP,STEEP_LINEAR_UP,164,30,-1.03,-4.4,-169.0,-132.0,1
FADE_AT_BAND,FLATLINE,FLATLINE,71,19,2.13,5.05,152.0,96.0,1
FADE_AT_BAND,FLATLINE,GENTLE_CONCAVE_UP,12,1,0.96,0.0,12.0,0.0,0
FADE_AT_BAND,FLATLINE,NOISE,118,26,0.74,0.04,88.0,1.0,1
FADE_AT_BAND,FLATLINE,STEEP_CONCAVE_DOWN,46,10,-1.0,-4.3,-46.0,-43.0,1
FADE_AT_BAND,FLATLINE,STEEP_CONCAVE_UP,84,47,1.65,0.12,138.0,6.0,1
FADE_AT_BAND,FLATLINE,STEEP_CONVEX_DOWN,77,23,2.55,3.07,196.0,70.0,1
FADE_AT_BAND,FLATLINE,STEEP_CONVEX_UP,40,15,0.17,12.3,7.0,184.0,1
FADE_AT_BAND,FLATLINE,STEEP_LINEAR_DOWN,112,42,-1.61,0.33,-180.0,14.0,0
FADE_AT_BAND,FLATLINE,STEEP_LINEAR_UP,136,36,-1.79,-4.04,-244.0,-146.0,1
FADE_AT_BAND,GENTLE_CONCAVE_DOWN,FLATLINE,10,0,0.25,,2.0,0.0,-1
FADE_AT_BAND,GENTLE_CONCAVE_DOWN,STEEP_CONVEX_DOWN,10,2,4.25,2.25,42.0,4.0,1
FADE_AT_BAND,GENTLE_CONCAVE_DOWN,STEEP_LINEAR_DOWN,14,3,-2.89,0.0,-40.0,0.0,0
FADE_AT_BAND,GENTLE_CONCAVE_UP,FLATLINE,27,5,1.22,5.6,33.0,28.0,1
FADE_AT_BAND,GENTLE_CONCAVE_UP,GENTLE_CONCAVE_UP,38,10,0.79,1.8,30.0,18.0,1
FADE_AT_BAND,GENTLE_CONCAVE_UP,GENTLE_CONVEX_DOWN,11,5,0.77,3.2,8.0,16.0,1
FADE_AT_BAND,GENTLE_CONCAVE_UP,GENTLE_LINEAR_UP,18,0,1.61,,29.0,0.0,-1
FADE_AT_BAND,GENTLE_CONCAVE_UP,NOISE,164,22,0.98,5.68,161.0,125.0,1
FADE_AT_BAND,GENTLE_CONCAVE_UP,STEEP_CONCAVE_UP,184,47,1.14,1.6,210.0,75.0,1
FADE_AT_BAND,GENTLE_CONCAVE_UP,STEEP_CONVEX_DOWN,31,18,1.6,-0.22,50.0,-4.0,0
FADE_AT_BAND,GENTLE_CONCAVE_UP,STEEP_LINEAR_DOWN,38,15,2.41,-1.8,92.0,-27.0,0
FADE_AT_BAND,GENTLE_CONCAVE_UP,STEEP_LINEAR_UP,110,3,1.44,-0.5,158.0,-2.0,0
FADE_AT_BAND,GENTLE_CONVEX_DOWN,FLATLINE,25,5,2.8,1.1,70.0,6.0,1
FADE_AT_BAND,GENTLE_CONVEX_DOWN,GENTLE_LINEAR_DOWN,14,4,0.18,2.25,2.0,9.0,1
FADE_AT_BAND,GENTLE_CONVEX_DOWN,NOISE,109,20,1.38,0.47,150.0,10.0,1
FADE_AT_BAND,GENTLE_CONVEX_DOWN,STEEP_CONCAVE_UP,38,10,-1.01,2.3,-38.0,23.0,0
FADE_AT_BAND,GENTLE_CONVEX_DOWN,STEEP_CONVEX_DOWN,141,16,1.98,1.09,279.0,18.0,1
FADE_AT_BAND,GENTLE_CONVEX_DOWN,STEEP_LINEAR_DOWN,63,3,0.93,-3.17,58.0,-10.0,0
FADE_AT_BAND,GENTLE_CONVEX_DOWN,STEEP_LINEAR_UP,75,10,0.37,-1.85,28.0,-18.0,0
FADE_AT_BAND,GENTLE_CONVEX_UP,STEEP_CONVEX_UP,16,5,-1.28,2.0,-20.0,10.0,0
FADE_AT_BAND,GENTLE_CONVEX_UP,STEEP_LINEAR_UP,28,11,-0.79,-1.36,-22.0,-15.0,1
FADE_AT_BAND,GENTLE_LINEAR_DOWN,FLATLINE,24,0,0.98,,24.0,0.0,-1
FADE_AT_BAND,GENTLE_LINEAR_DOWN,NOISE,59,1,0.49,0.0,29.0,0.0,0
FADE_AT_BAND,GENTLE_LINEAR_DOWN,STEEP_CONVEX_DOWN,73,3,1.58,-9.67,116.0,-29.0,0
FADE_AT_BAND,GENTLE_LINEAR_DOWN,STEEP_LINEAR_DOWN,77,27,1.08,1.63,83.0,44.0,1
FADE_AT_BAND,GENTLE_LINEAR_DOWN,STEEP_LINEAR_UP,16,11,-2.69,1.82,-43.0,20.0,0
FADE_AT_BAND,GENTLE_LINEAR_UP,FLATLINE,22,11,1.52,1.32,34.0,14.0,1
FADE_AT_BAND,GENTLE_LINEAR_UP,GENTLE_CONCAVE_UP,15,0,0.93,,14.0,0.0,-1
FADE_AT_BAND,GENTLE_LINEAR_UP,NOISE,66,17,0.75,2.09,50.0,36.0,1
FADE_AT_BAND,GENTLE_LINEAR_UP,STEEP_CONCAVE_UP,107,32,2.04,-0.27,218.0,-8.0,0
FADE_AT_BAND,GENTLE_LINEAR_UP,STEEP_CONVEX_DOWN,22,22,0.36,0.16,8.0,4.0,1
FADE_AT_BAND,GENTLE_LINEAR_UP,STEEP_LINEAR_UP,138,20,0.17,2.73,24.0,54.0,1
FADE_AT_BAND,NOISE,FLATLINE,38,9,9.03,15.61,343.0,140.0,1
FADE_AT_BAND,NOISE,NOISE,114,75,-1.95,-4.63,-222.0,-348.0,1
FADE_AT_BAND,NOISE,STEEP_CONCAVE_DOWN,14,4,-8.57,-0.25,-120.0,-1.0,1
FADE_AT_BAND,NOISE,STEEP_CONCAVE_UP,149,38,2.26,1.95,337.0,74.0,1
FADE_AT_BAND,NOISE,STEEP_CONVEX_DOWN,48,67,6.09,5.57,292.0,374.0,1
FADE_AT_BAND,NOISE,STEEP_CONVEX_UP,26,8,1.04,8.5,27.0,68.0,1
FADE_AT_BAND,NOISE,STEEP_LINEAR_DOWN,98,27,-0.34,2.7,-33.0,73.0,0
FADE_AT_BAND,NOISE,STEEP_LINEAR_UP,84,29,2.26,2.57,190.0,74.0,1
FADE_AT_BAND,STEEP_CONCAVE_DOWN,STEEP_CONCAVE_DOWN,29,22,-1.26,-4.25,-36.0,-94.0,1
FADE_AT_BAND,STEEP_CONCAVE_DOWN,STEEP_CONVEX_DOWN,42,7,-9.26,2.57,-389.0,18.0,0
FADE_AT_BAND,STEEP_CONCAVE_DOWN,STEEP_LINEAR_DOWN,164,20,-6.65,-6.67,-1090.0,-134.0,1
FADE_AT_BAND,STEEP_CONCAVE_DOWN,STEEP_LINEAR_UP,23,0,6.43,,148.0,0.0,-1
FADE_AT_BAND,STEEP_CONCAVE_UP,FLATLINE,498,148,-0.33,0.15,-165.0,22.0,0
FADE_AT_BAND,STEEP_CONCAVE_UP,GENTLE_CONCAVE_UP,84,13,0.31,0.58,26.0,8.0,1
FADE_AT_BAND,STEEP_CONCAVE_UP,GENTLE_CONVEX_DOWN,104,13,0.29,0.54,30.0,7.0,1
FADE_AT_BAND,STEEP_CONCAVE_UP,GENTLE_CONVEX_UP,21,7,-0.33,-1.07,-7.0,-8.0,1
FADE_AT_BAND,STEEP_CONCAVE_UP,GENTLE_LINEAR_UP,36,2,0.44,11.0,16.0,22.0,1
FADE_AT_BAND,STEEP_CONCAVE_UP,NOISE,526,148,1.39,3.71,734.0,548.0,1
FADE_AT_BAND,STEEP_CONCAVE_UP,STEEP_CONCAVE_DOWN,57,7,2.68,2.21,152.0,16.0,1
FADE_AT_BAND,STEEP_CONCAVE_UP,STEEP_CONCAVE_UP,1471,477,0.61,1.21,903.0,576.0,1
FADE_AT_BAND,STEEP_CONCAVE_UP,STEEP_CONVEX_DOWN,546,111,0.21,0.54,116.0,60.0,1
FADE_AT_BAND,STEEP_CONCAVE_UP,STEEP_CONVEX_UP,116,34,-3.53,-0.74,-409.0,-25.0,1
FADE_AT_BAND,STEEP_CONCAVE_UP,STEEP_LINEAR_DOWN,281,133,2.37,3.37,667.0,448.0,1
FADE_AT_BAND,STEEP_CONCAVE_UP,STEEP_LINEAR_UP,1064,265,-1.45,-0.42,-1539.0,-112.0,1
FADE_AT_BAND,STEEP_CONVEX_DOWN,FLATLINE,402,94,0.03,6.31,12.0,593.0,1
FADE_AT_BAND,STEEP_CONVEX_DOWN,GENTLE_CONCAVE_UP,36,0,-0.53,,-19.0,0.0,-1
FADE_AT_BAND,STEEP_CONVEX_DOWN,GENTLE_CONVEX_DOWN,31,0,1.31,,40.0,0.0,-1
FADE_AT_BAND,STEEP_CONVEX_DOWN,GENTLE_LINEAR_DOWN,20,0,0.35,,7.0,0.0,-1
FADE_AT_BAND,STEEP_CONVEX_DOWN,NOISE,525,117,1.53,3.6,802.0,422.0,1
FADE_AT_BAND,STEEP_CONVEX_DOWN,STEEP_CONCAVE_DOWN,104,24,0.69,-2.88,72.0,-69.0,0
FADE_AT_BAND,STEEP_CONVEX_DOWN,STEEP_CONCAVE_UP,394,115,0.9,0.62,354.0,72.0,1
FADE_AT_BAND,STEEP_CONVEX_DOWN,STEEP_CONVEX_DOWN,1297,325,1.6,2.3,2074.0,746.0,1
FADE_AT_BAND,STEEP_CONVEX_DOWN,STEEP_CONVEX_UP,72,14,4.38,2.54,315.0,36.0,1
FADE_AT_BAND,STEEP_CONVEX_DOWN,STEEP_LINEAR_DOWN,989,203,0.07,-0.4,66.0,-81.0,0
FADE_AT_BAND,STEEP_CONVEX_DOWN,STEEP_LINEAR_UP,325,87,3.54,3.86,1150.0,336.0,1
FADE_AT_BAND,STEEP_CONVEX_UP,STEEP_CONCAVE_UP,79,12,-0.87,-6.54,-69.0,-78.0,1
FADE_AT_BAND,STEEP_CONVEX_UP,STEEP_CONVEX_DOWN,13,0,-0.27,,-4.0,0.0,-1
FADE_AT_BAND,STEEP_CONVEX_UP,STEEP_CONVEX_UP,12,5,-8.5,-7.3,-102.0,-36.0,1
FADE_AT_BAND,STEEP_CONVEX_UP,STEEP_LINEAR_UP,119,48,-10.29,-5.99,-1224.0,-288.0,1
FADE_AT_BAND,STEEP_LINEAR_DOWN,FLATLINE,445,120,0.42,-2.32,187.0,-278.0,0
FADE_AT_BAND,STEEP_LINEAR_DOWN,GENTLE_CONCAVE_DOWN,20,0,-0.33,,-6.0,0.0,-1
FADE_AT_BAND,STEEP_LINEAR_DOWN,GENTLE_CONCAVE_UP,16,8,-0.03,-1.56,-0.0,-12.0,1
FADE_AT_BAND,STEEP_LINEAR_DOWN,GENTLE_CONVEX_DOWN,18,0,-0.28,,-5.0,0.0,-1
FADE_AT_BAND,STEEP_LINEAR_DOWN,NOISE,585,132,0.08,5.06,45.0,668.0,1
FADE_AT_BAND,STEEP_LINEAR_DOWN,STEEP_CONCAVE_DOWN,208,83,-2.65,-1.59,-551.0,-132.0,1
FADE_AT_BAND,STEEP_LINEAR_DOWN,STEEP_CONCAVE_UP,505,122,-0.56,1.62,-282.0,198.0,0
FADE_AT_BAND,STEEP_LINEAR_DOWN,STEEP_CONVEX_DOWN,1399,431,-0.08,1.19,-115.0,512.0,0
FADE_AT_BAND,STEEP_LINEAR_DOWN,STEEP_CONVEX_UP,32,15,3.88,0.97,124.0,14.0,1
FADE_AT_BAND,STEEP_LINEAR_DOWN,STEEP_LINEAR_DOWN,2305,730,-2.84,-3.53,-6556.0,-2578.0,1
FADE_AT_BAND,STEEP_LINEAR_DOWN,STEEP_LINEAR_UP,221,78,3.88,4.02,857.0,314.0,1
FADE_AT_BAND,STEEP_LINEAR_UP,FLATLINE,335,125,0.4,-0.92,135.0,-115.0,0
FADE_AT_BAND,STEEP_LINEAR_UP,GENTLE_CONCAVE_UP,57,5,0.22,0.5,12.0,2.0,1
FADE_AT_BAND,STEEP_LINEAR_UP,GENTLE_CONVEX_DOWN,28,0,0.54,,15.0,0.0,-1
FADE_AT_BAND,STEEP_LINEAR_UP,GENTLE_CONVEX_UP,12,5,-0.25,-1.5,-3.0,-8.0,1
FADE_AT_BAND,STEEP_LINEAR_UP,GENTLE_LINEAR_UP,11,0,0.64,,7.0,0.0,-1
FADE_AT_BAND,STEEP_LINEAR_UP,NOISE,390,145,1.45,1.09,566.0,158.0,1
FADE_AT_BAND,STEEP_LINEAR_UP,STEEP_CONCAVE_DOWN,44,16,-0.62,2.16,-28.0,34.0,0
FADE_AT_BAND,STEEP_LINEAR_UP,STEEP_CONCAVE_UP,1293,377,-0.13,-1.45,-164.0,-546.0,1
FADE_AT_BAND,STEEP_LINEAR_UP,STEEP_CONVEX_DOWN,327,85,0.44,-0.27,142.0,-23.0,0
FADE_AT_BAND,STEEP_LINEAR_UP,STEEP_CONVEX_UP,198,34,-2.22,-4.68,-440.0,-159.0,1
FADE_AT_BAND,STEEP_LINEAR_UP,STEEP_LINEAR_DOWN,257,75,1.65,8.01,424.0,600.0,1
FADE_AT_BAND,STEEP_LINEAR_UP,STEEP_LINEAR_UP,2033,509,-1.89,-1.62,-3840.0,-824.0,1
FADE_CALM,FLATLINE,FLATLINE,105,9,0.22,-0.39,24.0,-4.0,0
FADE_CALM,FLATLINE,GENTLE_CONCAVE_UP,41,2,-0.39,0.0,-16.0,0.0,0
FADE_CALM,FLATLINE,GENTLE_CONVEX_DOWN,47,1,0.38,3.0,18.0,3.0,1
FADE_CALM,FLATLINE,GENTLE_CONVEX_UP,11,0,-1.0,,-11.0,0.0,-1
FADE_CALM,FLATLINE,GENTLE_LINEAR_DOWN,28,3,0.98,-1.83,28.0,-6.0,0
FADE_CALM,FLATLINE,GENTLE_LINEAR_UP,37,7,-0.27,-1.43,-10.0,-10.0,1
FADE_CALM,FLATLINE,NOISE,374,30,1.12,-0.37,418.0,-11.0,0
FADE_CALM,FLATLINE,STEEP_CONCAVE_DOWN,94,18,-3.57,-6.83,-336.0,-123.0,1
FADE_CALM,FLATLINE,STEEP_CONCAVE_UP,328,40,-0.14,-2.83,-44.0,-113.0,1
FADE_CALM,FLATLINE,STEEP_CONVEX_DOWN,287,42,0.44,0.38,126.0,16.0,1
FADE_CALM,FLATLINE,STEEP_CONVEX_UP,73,11,-2.34,-3.77,-170.0,-42.0,1
FADE_CALM,FLATLINE,STEEP_LINEAR_DOWN,465,75,-1.17,-3.12,-546.0,-234.0,1
FADE_CALM,FLATLINE,STEEP_LINEAR_UP,449,58,-1.88,0.28,-844.0,16.0,0
FADE_CALM,GENTLE_CONCAVE_DOWN,FLATLINE,19,1,0.39,0.0,8.0,0.0,0
FADE_CALM,GENTLE_CONCAVE_DOWN,GENTLE_LINEAR_UP,10,1,0.95,16.5,10.0,16.0,1
FADE_CALM,GENTLE_CONCAVE_DOWN,NOISE,30,1,1.18,5.5,36.0,6.0,1
FADE_CALM,GENTLE_CONCAVE_DOWN,STEEP_CONCAVE_DOWN,15,1,0.43,-2.0,6.0,-2.0,0
FADE_CALM,GENTLE_CONCAVE_DOWN,STEEP_CONVEX_DOWN,31,0,-0.39,,-12.0,0.0,-1
FADE_CALM,GENTLE_CONCAVE_DOWN,STEEP_LINEAR_DOWN,117,9,-1.7,-3.11,-198.0,-28.0,1
FADE_CALM,GENTLE_CONCAVE_UP,FLATLINE,143,14,0.16,2.32,22.0,32.0,1
FADE_CALM,GENTLE_CONCAVE_UP,GENTLE_CONCAVE_DOWN,16,1,1.0,0.0,16.0,0.0,0
FADE_CALM,GENTLE_CONCAVE_UP,GENTLE_CONCAVE_UP,80,0,0.31,,24.0,0.0,-1
FADE_CALM,GENTLE_CONCAVE_UP,GENTLE_CONVEX_DOWN,78,9,-0.06,-0.06,-4.0,-0.0,1
FADE_CALM,GENTLE_CONCAVE_UP,GENTLE_LINEAR_DOWN,51,5,1.15,-1.9,58.0,-10.0,0
FADE_CALM,GENTLE_CONCAVE_UP,GENTLE_LINEAR_UP,93,2,0.06,1.75,6.0,4.0,1
FADE_CALM,GENTLE_CONCAVE_UP,NOISE,481,34,0.98,1.57,472.0,54.0,1
FADE_CALM,GENTLE_CONCAVE_UP,STEEP_CONCAVE_DOWN,114,10,-1.01,-1.5,-116.0,-15.0,1
FADE_CALM,GENTLE_CONCAVE_UP,STEEP_CONCAVE_UP,232,22,-0.27,-0.16,-64.0,-4.0,1
FADE_CALM,GENTLE_CONCAVE_UP,STEEP_CONVEX_DOWN,486,66,0.68,-0.8,329.0,-53.0,0
FADE_CALM,GENTLE_CONCAVE_UP,STEEP_CONVEX_UP,23,0,-0.89,,-20.0,0.0,-1
FADE_CALM,GENTLE_CONCAVE_UP,STEEP_LINEAR_DOWN,443,55,-1.5,0.12,-664.0,6.0,0
FADE_CALM,GENTLE_CONCAVE_UP,STEEP_LINEAR_UP,147,22,-0.3,0.3,-44.0,6.0,0
FADE_CALM,GENTLE_CONVEX_DOWN,FLATLINE,136,13,0.53,1.15,72.0,15.0,1
FADE_CALM,GENTLE_CONVEX_DOWN,GENTLE_CONCAVE_UP,49,0,-0.03,,-2.0,0.0,-1
FADE_CALM,GENTLE_CONVEX_DOWN,GENTLE_CONVEX_DOWN,49,4,0.69,0.0,34.0,0.0,0
FADE_CALM,GENTLE_CONVEX_DOWN,GENTLE_CONVEX_UP,14,2,-0.43,-0.25,-6.0,-0.0,1
FADE_CALM,GENTLE_CONVEX_DOWN,GENTLE_LINEAR_DOWN,54,1,-0.34,0.0,-18.0,0.0,0
FADE_CALM,GENTLE_CONVEX_DOWN,GENTLE_LINEAR_UP,36,6,0.08,-0.17,3.0,-1.0,0
FADE_CALM,GENTLE_CONVEX_DOWN,NOISE,461,35,1.42,1.73,656.0,60.0,1
FADE_CALM,GENTLE_CONVEX_DOWN,STEEP_CONCAVE_DOWN,18,0,1.94,,35.0,0.0,-1
FADE_CALM,GENTLE_CONVEX_DOWN,STEEP_CONCAVE_UP,415,69,0.07,0.89,27.0,62.0,1
FADE_CALM,GENTLE_CONVEX_DOWN,STEEP_CONVEX_DOWN,219,30,-0.33,3.85,-72.0,116.0,0
FADE_CALM,GENTLE_CONVEX_DOWN,STEEP_CONVEX_UP,72,9,-1.31,-1.11,-94.0,-10.0,1
FADE_CALM,GENTLE_CONVEX_DOWN,STEEP_LINEAR_DOWN,138,23,0.08,-0.91,10.0,-21.0,0
FADE_CALM,GENTLE_CONVEX_DOWN,STEEP_LINEAR_UP,464,89,-1.68,-1.06,-778.0,-94.0,1
FADE_CALM,GENTLE_CONVEX_UP,FLATLINE,16,1,1.16,0.0,18.0,0.0,0
FADE_CALM,GENTLE_CONVEX_UP,NOISE,42,3,1.67,0.67,70.0,2.0,1
FADE_CALM,GENTLE_CONVEX_UP,STEEP_CONCAVE_UP,31,8,-1.16,-1.38,-36.0,-11.0,1
FADE_CALM,GENTLE_CONVEX_UP,STEEP_CONVEX_UP,20,3,-0.1,0.0,-2.0,0.0,0
FADE_CALM,GENTLE_CONVEX_UP,STEEP_LINEAR_DOWN,15,4,0.37,-1.5,6.0,-6.0,0
FADE_CALM,GENTLE_CONVEX_UP,STEEP_LINEAR_UP,100,11,-3.2,-0.36,-320.0,-4.0,1
FADE_CALM,GENTLE_LINEAR_DOWN,FLATLINE,84,10,1.85,-2.7,156.0,-27.0,0
FADE_CALM,GENTLE_LINEAR_DOWN,GENTLE_CONCAVE_DOWN,10,0,-1.1,,-11.0,0.0,-1
FADE_CALM,GENTLE_LINEAR_DOWN,GENTLE_CONCAVE_UP,31,3,-0.23,4.17,-7.0,12.0,0
FADE_CALM,GENTLE_LINEAR_DOWN,GENTLE_CONVEX_DOWN,38,0,0.42,,16.0,0.0,-1
FADE_CALM,GENTLE_LINEAR_DOWN,GENTLE_CONVEX_UP,11,0,-0.73,,-8.0,0.0,-1
FADE_CALM,GENTLE_LINEAR_DOWN,GENTLE_LINEAR_DOWN,40,2,-0.61,-0.25,-24.0,-0.0,1
FADE_CALM,GENTLE_LINEAR_DOWN,GENTLE_LINEAR_UP,33,3,-0.21,-1.17,-7.0,-4.0,1
FADE_CALM,GENTLE_LINEAR_DOWN,NOISE,298,19,1.32,1.21,392.0,23.0,1
FADE_CALM,GENTLE_LINEAR_DOWN,STEEP_CONCAVE_DOWN,17,1,-0.26,0.0,-4.0,0.0,0
FADE_CALM,GENTLE_LINEAR_DOWN,STEEP_CONCAVE_UP,194,34,0.47,0.25,90.0,8.0,1
FADE_CALM,GENTLE_LINEAR_DOWN,STEEP_CONVEX_DOWN,238,20,-0.6,-0.57,-142.0,-12.0,1
FADE_CALM,GENTLE_LINEAR_DOWN,STEEP_CONVEX_UP,43,4,-0.42,0.0,-18.0,0.0,0
FADE_CALM,GENTLE_LINEAR_DOWN,STEEP_LINEAR_DOWN,205,18,-0.12,-1.67,-26.0,-30.0,1
FADE_CALM,GENTLE_LINEAR_DOWN,STEEP_LINEAR_UP,199,24,-1.34,-1.33,-268.0,-32.0,1
FADE_CALM,GENTLE_LINEAR_UP,FLATLINE,77,11,1.01,2.5,78.0,28.0,1
FADE_CALM,GENTLE_LINEAR_UP,GENTLE_CONCAVE_UP,58,4,-0.12,-1.38,-7.0,-6.0,1
FADE_CALM,GENTLE_LINEAR_UP,GENTLE_CONVEX_DOWN,46,5,-0.05,0.8,-2.0,4.0,0
FADE_CALM,GENTLE_LINEAR_UP,GENTLE_CONVEX_UP,13,0,-0.96,,-12.0,0.0,-1
FADE_CALM,GENTLE_LINEAR_UP,GENTLE_LINEAR_DOWN,31,3,-0.42,-2.67,-13.0,-8.0,1
FADE_CALM,GENTLE_LINEAR_UP,GENTLE_LINEAR_UP,26,3,0.48,3.33,12.0,10.0,1
FADE_CALM,GENTLE_LINEAR_UP,NOISE,336,19,0.82,4.92,276.0,94.0,1
FADE_CALM,GENTLE_LINEAR_UP,STEEP_CONCAVE_DOWN,38,3,-1.3,0.83,-50.0,2.0,0
FADE_CALM,GENTLE_LINEAR_UP,STEEP_CONCAVE_UP,221,24,-0.91,-0.5,-200.0,-12.0,1
FADE_CALM,GENTLE_LINEAR_UP,STEEP_CONVEX_DOWN,231,27,0.44,1.8,100.0,48.0,1
FADE_CALM,GENTLE_LINEAR_UP,STEEP_CONVEX_UP,21,0,0.0,,0.0,0.0,-1
FADE_CALM,GENTLE_LINEAR_UP,STEEP_LINEAR_DOWN,180,24,-1.56,-2.79,-280.0,-67.0,1
FADE_CALM,GENTLE_LINEAR_UP,STEEP_LINEAR_UP,260,25,-0.61,-3.16,-160.0,-79.0,1
FADE_CALM,NOISE,FLATLINE,90,23,-0.01,3.09,-1.0,71.0,0
FADE_CALM,NOISE,GENTLE_CONCAVE_UP,37,1,-0.61,3.5,-22.0,4.0,0
FADE_CALM,NOISE,GENTLE_CONVEX_DOWN,27,1,0.7,0.0,19.0,0.0,0
FADE_CALM,NOISE,GENTLE_LINEAR_DOWN,48,1,0.29,0.0,14.0,0.0,0
FADE_CALM,NOISE,GENTLE_LINEAR_UP,24,0,1.35,,32.0,0.0,-1
FADE_CALM,NOISE,NOISE,394,33,1.53,3.18,603.0,105.0,1
FADE_CALM,NOISE,STEEP_CONCAVE_DOWN,43,3,-2.14,0.33,-92.0,1.0,0
FADE_CALM,NOISE,STEEP_CONCAVE_UP,227,31,0.93,0.58,210.0,18.0,1
FADE_CALM,NOISE,STEEP_CONVEX_DOWN,190,32,0.35,2.34,67.0,75.0,1
FADE_CALM,NOISE,STEEP_CONVEX_UP,52,5,-6.04,8.7,-314.0,44.0,0
FADE_CALM,NOISE,STEEP_LINEAR_DOWN,249,30,-1.81,-6.1,-452.0,-183.0,1
FADE_CALM,NOISE,STEEP_LINEAR_UP,271,39,-2.85,-1.24,-773.0,-48.0,1
FADE_CALM,STEEP_CONCAVE_DOWN,FLATLINE,10,2,2.35,5.0,24.0,10.0,1
FADE_CALM,STEEP_CONCAVE_DOWN,NOISE,42,4,5.02,11.12,211.0,44.0,1
FADE_CALM,STEEP_CONCAVE_DOWN,STEEP_CONCAVE_DOWN,16,2,-0.09,1.25,-2.0,2.0,0
FADE_CALM,STEEP_CONCAVE_DOWN,STEEP_CONCAVE_UP,19,4,10.21,-11.75,194.0,-47.0,0
FADE_CALM,STEEP_CONCAVE_DOWN,STEEP_CONVEX_DOWN,14,1,-3.11,0.0,-44.0,0.0,0
FADE_CALM,STEEP_CONCAVE_DOWN,STEEP_LINEAR_DOWN,47,2,-6.26,-5.75,-294.0,-12.0,1
FADE_CALM,STEEP_CONCAVE_DOWN,STEEP_LINEAR_UP,10,0,10.35,,104.0,0.0,-1
FADE_CALM,STEEP_CONCAVE_UP,FLATLINE,96,20,2.47,-2.55,238.0,-51.0,0
FADE_CALM,STEEP_CONCAVE_UP,GENTLE_CONCAVE_UP,17,5,-1.91,3.3,-32.0,16.0,0
FADE_CALM,STEEP_CONCAVE_UP,GENTLE_CONVEX_DOWN,35,3,0.17,0.0,6.0,0.0,0
FADE_CALM,STEEP_CONCAVE_UP,GENTLE_LINEAR_DOWN,13,3,0.38,0.5,5.0,2.0,1
FADE_CALM,STEEP_CONCAVE_UP,GENTLE_LINEAR_UP,14,1,0.04,-1.0,0.0,-1.0,0
FADE_CALM,STEEP_CONCAVE_UP,NOISE,215,29,1.78,1.28,382.0,37.0,1
FADE_CALM,STEEP_CONCAVE_UP,STEEP_CONCAVE_DOWN,67,9,0.54,-3.22,36.0,-29.0,0
FADE_CALM,STEEP_CONCAVE_UP,STEEP_CONCAVE_UP,166,36,-0.11,-0.12,-18.0,-4.0,1
FADE_CALM,STEEP_CONCAVE_UP,STEEP_CONVEX_DOWN,394,98,1.1,1.44,435.0,141.0,1
FADE_CALM,STEEP_CONCAVE_UP,STEEP_CONVEX_UP,22,2,0.59,0.0,13.0,0.0,0
FADE_CALM,STEEP_CONCAVE_UP,STEEP_LINEAR_DOWN,360,90,-0.64,-0.24,-232.0,-22.0,1
FADE_CALM,STEEP_CONCAVE_UP,STEEP_LINEAR_UP,143,32,-0.3,-2.48,-44.0,-80.0,1
FADE_CALM,STEEP_CONVEX_DOWN,FLATLINE,73,16,-0.5,-0.69,-36.0,-11.0,1
FADE_CALM,STEEP_CONVEX_DOWN,GENTLE_LINEAR_DOWN,12,1,1.21,6.0,14.0,6.0,1
FADE_CALM,STEEP_CONVEX_DOWN,GENTLE_LINEAR_UP,15,0,2.03,,30.0,0.0,-1
FADE_CALM,STEEP_CONVEX_DOWN,NOISE,199,29,3.46,1.41,688.0,41.0,1
FADE_CALM,STEEP_CONVEX_DOWN,STEEP_CONCAVE_DOWN,13,1,0.27,1.0,4.0,1.0,1
FADE_CALM,STEEP_CONVEX_DOWN,STEEP_CONCAVE_UP,398,92,1.11,1.47,444.0,136.0,1
FADE_CALM,STEEP_CONVEX_DOWN,STEEP_CONVEX_DOWN,129,17,0.76,-2.47,98.0,-42.0,0
FADE_CALM,STEEP_CONVEX_DOWN,STEEP_CONVEX_UP,37,4,-4.3,-0.5,-159.0,-2.0,1
FADE_CALM,STEEP_CONVEX_DOWN,STEEP_LINEAR_DOWN,120,28,-1.5,-2.59,-180.0,-72.0,1
FADE_CALM,STEEP_CONVEX_DOWN,STEEP_LINEAR_UP,295,77,-2.7,-3.77,-796.0,-290.0,1
FADE_CALM,STEEP_CONVEX_UP,NOISE,36,2,8.5,-3.75,306.0,-8.0,0
FADE_CALM,STEEP_CONVEX_UP,STEEP_CONCAVE_UP,26,4,-0.62,-5.62,-16.0,-22.0,1
FADE_CALM,STEEP_CONVEX_UP,STEEP_CONVEX_DOWN,21,2,3.24,5.0,68.0,10.0,1
FADE_CALM,STEEP_CONVEX_UP,STEEP_LINEAR_DOWN,15,1,0.37,0.0,6.0,0.0,0
FADE_CALM,STEEP_CONVEX_UP,STEEP_LINEAR_UP,62,6,-2.55,1.92,-158.0,12.0,0
FADE_CALM,STEEP_LINEAR_DOWN,FLATLINE,89,18,1.59,9.31,142.0,168.0,1
FADE_CALM,STEEP_LINEAR_DOWN,GENTLE_CONCAVE_UP,27,0,-0.85,,-23.0,0.0,-1
FADE_CALM,STEEP_LINEAR_DOWN,GENTLE_CONVEX_DOWN,19,1,0.32,-22.0,6.0,-22.0,0
FADE_CALM,STEEP_LINEAR_DOWN,GENTLE_LINEAR_UP,13,1,1.35,0.5,18.0,0.0,1
FADE_CALM,STEEP_LINEAR_DOWN,NOISE,243,30,4.63,8.6,1124.0,258.0,1
FADE_CALM,STEEP_LINEAR_DOWN,STEEP_CONCAVE_DOWN,21,8,1.29,1.0,27.0,8.0,1
FADE_CALM,STEEP_LINEAR_DOWN,STEEP_CONCAVE_UP,269,62,2.21,3.98,594.0,246.0,1
FADE_CALM,STEEP_LINEAR_DOWN,STEEP_CONVEX_DOWN,188,36,-0.6,2.42,-114.0,87.0,0
FADE_CALM,STEEP_LINEAR_DOWN,STEEP_CONVEX_UP,25,3,-1.24,2.5,-31.0,8.0,0
FADE_CALM,STEEP_LINEAR_DOWN,STEEP_LINEAR_DOWN,251,38,-1.29,-0.54,-323.0,-20.0,1
FADE_CALM,STEEP_LINEAR_DOWN,STEEP_LINEAR_UP,243,52,-2.24,-2.43,-546.0,-126.0,1
FADE_CALM,STEEP_LINEAR_UP,FLATLINE,90,19,2.12,3.58,190.0,68.0,1
FADE_CALM,STEEP_LINEAR_UP,GENTLE_CONCAVE_UP,12,0,-0.17,,-2.0,0.0,-1
FADE_CALM,STEEP_LINEAR_UP,GENTLE_CONVEX_DOWN,35,0,0.87,,30.0,0.0,-1
FADE_CALM,STEEP_LINEAR_UP,GENTLE_LINEAR_DOWN,20,0,5.92,,118.0,0.0,-1
FADE_CALM,STEEP_LINEAR_UP,GENTLE_LINEAR_UP,11,3,-0.45,1.0,-5.0,3.0,0
FADE_CALM,STEEP_LINEAR_UP,NOISE,280,29,3.35,7.43,938.0,216.0,1
FADE_CALM,STEEP_LINEAR_UP,STEEP_CONCAVE_DOWN,42,2,-0.56,8.0,-24.0,16.0,0
FADE_CALM,STEEP_LINEAR_UP,STEEP_CONCAVE_UP,256,21,-0.43,0.79,-109.0,16.0,0
FADE_CALM,STEEP_LINEAR_UP,STEEP_CONVEX_DOWN,310,39,0.97,-2.12,300.0,-82.0,0
FADE_CALM,STEEP_LINEAR_UP,STEEP_CONVEX_UP,31,4,0.79,3.12,24.0,12.0,1
FADE_CALM,STEEP_LINEAR_UP,STEEP_LINEAR_DOWN,248,59,-0.56,-1.17,-139.0,-69.0,1
FADE_CALM,STEEP_LINEAR_UP,STEEP_LINEAR_UP,273,25,-1.43,-0.96,-390.0,-24.0,1
FADE_MOMENTUM,FLATLINE,FLATLINE,15,6,9.13,0.58,137.0,4.0,1
FADE_MOMENTUM,FLATLINE,NOISE,26,7,11.77,11.21,306.0,78.0,1
FADE_MOMENTUM,FLATLINE,STEEP_CONCAVE_DOWN,12,2,-3.79,13.25,-46.0,26.0,0
FADE_MOMENTUM,FLATLINE,STEEP_CONCAVE_UP,20,8,2.83,9.94,56.0,80.0,1
FADE_MOMENTUM,FLATLINE,STEEP_CONVEX_DOWN,27,17,-0.61,9.94,-16.0,169.0,0
FADE_MOMENTUM,FLATLINE,STEEP_LINEAR_DOWN,72,23,-1.74,-9.72,-126.0,-224.0,1
FADE_MOMENTUM,FLATLINE,STEEP_LINEAR_UP,70,25,-8.21,0.3,-574.0,8.0,0
FADE_MOMENTUM,GENTLE_CONCAVE_UP,NOISE,13,1,3.15,0.0,41.0,0.0,0
FADE_MOMENTUM,GENTLE_CONVEX_DOWN,STEEP_CONVEX_DOWN,13,0,-0.12,,-2.0,0.0,-1
FADE_MOMENTUM,GENTLE_CONVEX_DOWN,STEEP_LINEAR_UP,14,3,0.96,2.67,14.0,8.0,1
FADE_MOMENTUM,NOISE,FLATLINE,21,5,0.45,-4.6,10.0,-23.0,0
FADE_MOMENTUM,NOISE,NOISE,54,19,9.84,8.92,532.0,170.0,1
FADE_MOMENTUM,NOISE,STEEP_CONCAVE_DOWN,13,3,-6.73,0.0,-88.0,0.0,0
FADE_MOMENTUM,NOISE,STEEP_CONCAVE_UP,36,5,1.21,11.3,44.0,56.0,1
FADE_MOMENTUM,NOISE,STEEP_CONVEX_DOWN,27,7,0.65,0.36,18.0,2.0,1
FADE_MOMENTUM,NOISE,STEEP_LINEAR_DOWN,59,14,-10.77,-13.46,-636.0,-188.0,1
FADE_MOMENTUM,NOISE,STEEP_LINEAR_UP,50,11,2.42,-2.77,121.0,-30.0,0
FADE_MOMENTUM,STEEP_CONCAVE_DOWN,STEEP_CONCAVE_DOWN,20,3,-6.33,2.83,-126.0,8.0,0
FADE_MOMENTUM,STEEP_CONCAVE_DOWN,STEEP_CONVEX_DOWN,40,7,-1.09,10.14,-44.0,71.0,0
FADE_MOMENTUM,STEEP_CONCAVE_DOWN,STEEP_LINEAR_DOWN,180,35,-5.19,2.26,-935.0,79.0,0
FADE_MOMENTUM,STEEP_CONCAVE_DOWN,STEEP_LINEAR_UP,10,0,-9.65,,-96.0,0.0,-1
FADE_MOMENTUM,STEEP_CONCAVE_UP,FLATLINE,139,32,0.43,-3.3,60.0,-106.0,0
FADE_MOMENTUM,STEEP_CONCAVE_UP,NOISE,207,43,7.74,8.67,1602.0,373.0,1
FADE_MOMENTUM,STEEP_CONCAVE_UP,STEEP_CONCAVE_DOWN,42,14,5.39,-1.86,226.0,-26.0,0
FADE_MOMENTUM,STEEP_CONCAVE_UP,STEEP_CONCAVE_UP,678,208,1.4,-1.44,946.0,-300.0,0
FADE_MOMENTUM,STEEP_CONCAVE_UP,STEEP_CONVEX_DOWN,205,69,2.36,4.6,484.0,318.0,1
FADE_MOMENTUM,STEEP_CONCAVE_UP,STEEP_CONVEX_UP,11,6,13.91,-0.92,153.0,-6.0,0
FADE_MOMENTUM,STEEP_CONCAVE_UP,STEEP_LINEAR_DOWN,235,83,-6.28,-4.81,-1476.0,-400.0,1
FADE_MOMENTUM,STEEP_CONCAVE_UP,STEEP_LINEAR_UP,450,115,0.41,0.83,186.0,95.0,1
FADE_MOMENTUM,STEEP_CONVEX_DOWN,FLATLINE,106,26,3.66,6.63,388.0,172.0,1
FADE_MOMENTUM,STEEP_CONVEX_DOWN,NOISE,149,51,8.84,6.8,1318.0,347.0,1
FADE_MOMENTUM,STEEP_CONVEX_DOWN,STEEP_CONCAVE_UP,218,60,-1.08,-5.8,-234.0,-348.0,1
FADE_MOMENTUM,STEEP_CONVEX_DOWN,STEEP_CONVEX_DOWN,629,179,1.18,-0.37,740.0,-67.0,0
FADE_MOMENTUM,STEEP_CONVEX_DOWN,STEEP_CONVEX_UP,29,7,-0.67,6.29,-20.0,44.0,0
FADE_MOMENTUM,STEEP_CONVEX_DOWN,STEEP_LINEAR_DOWN,390,141,1.19,1.92,462.0,271.0,1
FADE_MOMENTUM,STEEP_CONVEX_DOWN,STEEP_LINEAR_UP,241,63,-4.71,-2.91,-1135.0,-184.0,1
FADE_MOMENTUM,STEEP_CONVEX_UP,STEEP_CONCAVE_UP,35,8,-3.99,-8.75,-140.0,-70.0,1
FADE_MOMENTUM,STEEP_CONVEX_UP,STEEP_CONVEX_UP,11,1,-6.32,16.5,-70.0,16.0,0
FADE_MOMENTUM,STEEP_CONVEX_UP,STEEP_LINEAR_UP,78,20,-3.27,-3.4,-255.0,-68.0,1
FADE_MOMENTUM,STEEP_LINEAR_DOWN,FLATLINE,128,39,6.7,4.42,857.0,172.0,1
FADE_MOMENTUM,STEEP_LINEAR_DOWN,NOISE,165,40,4.33,12.01,715.0,480.0,1
FADE_MOMENTUM,STEEP_LINEAR_DOWN,STEEP_CONCAVE_DOWN,42,22,-0.37,-5.3,-16.0,-116.0,1
FADE_MOMENTUM,STEEP_LINEAR_DOWN,STEEP_CONCAVE_UP,176,53,5.53,1.22,974.0,64.0,1
FADE_MOMENTUM,STEEP_LINEAR_DOWN,STEEP_CONVEX_DOWN,719,202,0.03,2.16,22.0,437.0,1
FADE_MOMENTUM,STEEP_LINEAR_DOWN,STEEP_CONVEX_UP,24,10,-0.31,-1.25,-8.0,-12.0,1
FADE_MOMENTUM,STEEP_LINEAR_DOWN,STEEP_LINEAR_DOWN,1379,411,-1.37,-1.35,-1888.0,-555.0,1
FADE_MOMENTUM,STEEP_LINEAR_DOWN,STEEP_LINEAR_UP,141,58,-4.21,-4.43,-594.0,-257.0,1
FADE_MOMENTUM,STEEP_LINEAR_UP,FLATLINE,85,38,6.42,6.5,546.0,247.0,1
FADE_MOMENTUM,STEEP_LINEAR_UP,GENTLE_CONCAVE_UP,10,0,-4.0,,-40.0,0.0,-1
FADE_MOMENTUM,STEEP_LINEAR_UP,NOISE,115,32,6.97,10.89,801.0,348.0,1
FADE_MOMENTUM,STEEP_LINEAR_UP,STEEP_CONCAVE_DOWN,34,4,-4.01,-5.25,-136.0,-21.0,1
FADE_MOMENTUM,STEEP_LINEAR_UP,STEEP_CONCAVE_UP,645,178,-0.19,-1.32,-120.0,-234.0,1
FADE_MOMENTUM,STEEP_LINEAR_UP,STEEP_CONVEX_DOWN,132,23,3.49,1.39,460.0,32.0,1
FADE_MOMENTUM,STEEP_LINEAR_UP,STEEP_CONVEX_UP,31,6,6.94,11.75,215.0,70.0,1
FADE_MOMENTUM,STEEP_LINEAR_UP,STEEP_LINEAR_DOWN,119,47,-6.14,-7.56,-731.0,-356.0,1
FADE_MOMENTUM,STEEP_LINEAR_UP,STEEP_LINEAR_UP,968,259,-0.72,-2.84,-696.0,-735.0,1
KILL_SHOT,FLATLINE,FLATLINE,67,17,-0.86,-0.97,-58.0,-16.0,1
KILL_SHOT,FLATLINE,GENTLE_CONCAVE_UP,15,1,-1.0,0.0,-15.0,0.0,0
KILL_SHOT,FLATLINE,GENTLE_CONVEX_DOWN,19,0,1.21,,23.0,0.0,-1
KILL_SHOT,FLATLINE,GENTLE_LINEAR_DOWN,10,2,1.3,-2.75,13.0,-6.0,0
KILL_SHOT,FLATLINE,GENTLE_LINEAR_UP,14,1,0.39,-1.5,6.0,-2.0,0
KILL_SHOT,FLATLINE,NOISE,182,17,1.24,6.29,225.0,107.0,1
KILL_SHOT,FLATLINE,STEEP_CONCAVE_DOWN,52,15,-3.53,-4.77,-184.0,-72.0,1
KILL_SHOT,FLATLINE,STEEP_CONCAVE_UP,120,26,0.48,3.5,58.0,91.0,1
KILL_SHOT,FLATLINE,STEEP_CONVEX_DOWN,155,24,0.84,0.04,130.0,1.0,1
KILL_SHOT,FLATLINE,STEEP_CONVEX_UP,53,5,-0.09,-10.1,-5.0,-50.0,1
KILL_SHOT,FLATLINE,STEEP_LINEAR_DOWN,225,51,-1.31,-2.78,-295.0,-142.0,1
KILL_SHOT,FLATLINE,STEEP_LINEAR_UP,225,36,-2.53,-3.26,-570.0,-118.0,1
KILL_SHOT,GENTLE_CONCAVE_DOWN,FLATLINE,12,1,1.29,0.0,16.0,0.0,0
KILL_SHOT,GENTLE_CONCAVE_DOWN,NOISE,18,1,2.86,5.5,52.0,6.0,1
KILL_SHOT,GENTLE_CONCAVE_DOWN,STEEP_CONCAVE_DOWN,17,2,3.24,-1.0,55.0,-2.0,0
KILL_SHOT,GENTLE_CONCAVE_DOWN,STEEP_CONVEX_DOWN,13,0,-1.69,,-22.0,0.0,-1
KILL_SHOT,GENTLE_CONCAVE_DOWN,STEEP_LINEAR_DOWN,74,6,-1.41,-6.42,-104.0,-38.0,1
KILL_SHOT,GENTLE_CONCAVE_UP,FLATLINE,85,13,-0.57,0.54,-48.0,7.0,0
KILL_SHOT,GENTLE_CONCAVE_UP,GENTLE_CONCAVE_UP,41,0,0.66,,27.0,0.0,-1
KILL_SHOT,GENTLE_CONCAVE_UP,GENTLE_CONVEX_DOWN,23,2,1.78,1.5,41.0,3.0,1
KILL_SHOT,GENTLE_CONCAVE_UP,GENTLE_LINEAR_DOWN,21,2,1.0,1.0,21.0,2.0,1
KILL_SHOT,GENTLE_CONCAVE_UP,GENTLE_LINEAR_UP,49,1,0.55,3.5,27.0,4.0,1
KILL_SHOT,GENTLE_CONCAVE_UP,NOISE,234,15,1.53,0.83,359.0,12.0,1
KILL_SHOT,GENTLE_CONCAVE_UP,STEEP_CONCAVE_DOWN,62,4,-2.41,0.12,-150.0,0.0,0
KILL_SHOT,GENTLE_CONCAVE_UP,STEEP_CONCAVE_UP,131,12,0.41,0.38,54.0,4.0,1
KILL_SHOT,GENTLE_CONCAVE_UP,STEEP_CONVEX_DOWN,139,24,0.97,-0.17,135.0,-4.0,0
KILL_SHOT,GENTLE_CONCAVE_UP,STEEP_LINEAR_DOWN,159,20,-0.18,-2.12,-29.0,-42.0,1
KILL_SHOT,GENTLE_CONCAVE_UP,STEEP_LINEAR_UP,114,4,-0.34,10.0,-38.0,40.0,0
KILL_SHOT,GENTLE_CONVEX_DOWN,FLATLINE,73,8,0.62,2.62,46.0,21.0,1
KILL_SHOT,GENTLE_CONVEX_DOWN,GENTLE_CONCAVE_UP,16,2,-2.88,-1.0,-46.0,-2.0,1
KILL_SHOT,GENTLE_CONVEX_DOWN,GENTLE_CONVEX_DOWN,27,1,0.22,3.5,6.0,4.0,1
KILL_SHOT,GENTLE_CONVEX_DOWN,GENTLE_LINEAR_DOWN,21,2,-0.26,-9.25,-6.0,-18.0,1
KILL_SHOT,GENTLE_CONVEX_DOWN,GENTLE_LINEAR_UP,14,8,0.36,1.44,5.0,12.0,1
KILL_SHOT,GENTLE_CONVEX_DOWN,NOISE,200,25,1.65,1.04,330.0,26.0,1
KILL_SHOT,GENTLE_CONVEX_DOWN,STEEP_CONCAVE_UP,112,26,-1.38,1.44,-154.0,38.0,0
KILL_SHOT,GENTLE_CONVEX_DOWN,STEEP_CONVEX_DOWN,167,23,-0.35,1.52,-58.0,35.0,0
KILL_SHOT,GENTLE_CONVEX_DOWN,STEEP_CONVEX_UP,26,5,-0.37,0.1,-10.0,0.0,0
KILL_SHOT,GENTLE_CONVEX_DOWN,STEEP_LINEAR_DOWN,91,18,0.3,-1.58,27.0,-28.0,0
KILL_SHOT,GENTLE_CONVEX_DOWN,STEEP_LINEAR_UP,165,53,-0.38,-0.87,-62.0,-46.0,1
KILL_SHOT,GENTLE_CONVEX_UP,NOISE,17,1,2.18,0.0,37.0,0.0,0
KILL_SHOT,GENTLE_CONVEX_UP,STEEP_CONCAVE_UP,14,3,-1.89,-0.5,-26.0,-2.0,1
KILL_SHOT,GENTLE_CONVEX_UP,STEEP_CONVEX_UP,14,1,-0.71,0.0,-10.0,0.0,0
KILL_SHOT,GENTLE_CONVEX_UP,STEEP_LINEAR_UP,38,2,0.46,-1.75,18.0,-4.0,0
KILL_SHOT,GENTLE_LINEAR_DOWN,FLATLINE,52,8,2.11,-1.19,110.0,-10.0,0
KILL_SHOT,GENTLE_LINEAR_DOWN,GENTLE_CONCAVE_UP,12,1,0.42,14.0,5.0,14.0,1
KILL_SHOT,GENTLE_LINEAR_DOWN,GENTLE_CONVEX_DOWN,18,2,0.17,-1.75,3.0,-4.0,0
KILL_SHOT,GENTLE_LINEAR_DOWN,GENTLE_LINEAR_DOWN,23,1,0.46,-9.0,10.0,-9.0,0
KILL_SHOT,GENTLE_LINEAR_DOWN,NOISE,131,12,1.76,2.38,231.0,28.0,1
KILL_SHOT,GENTLE_LINEAR_DOWN,STEEP_CONCAVE_DOWN,14,1,-0.96,0.0,-14.0,0.0,0
KILL_SHOT,GENTLE_LINEAR_DOWN,STEEP_CONCAVE_UP,30,9,1.12,2.44,34.0,22.0,1
KILL_SHOT,GENTLE_LINEAR_DOWN,STEEP_CONVEX_DOWN,158,21,0.01,-0.38,2.0,-8.0,0
KILL_SHOT,GENTLE_LINEAR_DOWN,STEEP_CONVEX_UP,21,0,-1.02,,-22.0,0.0,-1
KILL_SHOT,GENTLE_LINEAR_DOWN,STEEP_LINEAR_DOWN,126,23,-0.62,-0.7,-78.0,-16.0,1
KILL_SHOT,GENTLE_LINEAR_DOWN,STEEP_LINEAR_UP,64,6,-1.4,-2.67,-90.0,-16.0,1
KILL_SHOT,GENTLE_LINEAR_UP,FLATLINE,51,8,1.39,2.88,71.0,23.0,1
KILL_SHOT,GENTLE_LINEAR_UP,GENTLE_CONCAVE_UP,20,1,-0.05,0.0,-1.0,0.0,0
KILL_SHOT,GENTLE_LINEAR_UP,GENTLE_CONVEX_DOWN,22,0,-0.82,,-18.0,0.0,-1
KILL_SHOT,GENTLE_LINEAR_UP,GENTLE_LINEAR_UP,10,4,-0.75,1.25,-8.0,5.0,0
KILL_SHOT,GENTLE_LINEAR_UP,NOISE,131,13,0.29,2.65,38.0,34.0,1
KILL_SHOT,GENTLE_LINEAR_UP,STEEP_CONCAVE_DOWN,14,0,1.93,,27.0,0.0,-1
KILL_SHOT,GENTLE_LINEAR_UP,STEEP_CONCAVE_UP,137,20,-0.23,0.28,-31.0,6.0,0
KILL_SHOT,GENTLE_LINEAR_UP,STEEP_CONVEX_DOWN,55,8,1.39,-2.31,76.0,-18.0,0
KILL_SHOT,GENTLE_LINEAR_UP,STEEP_CONVEX_UP,22,0,0.89,,20.0,0.0,-1
KILL_SHOT,GENTLE_LINEAR_UP,STEEP_LINEAR_DOWN,75,10,-1.77,-2.0,-132.0,-20.0,1
KILL_SHOT,GENTLE_LINEAR_UP,STEEP_LINEAR_UP,109,21,-0.6,-1.07,-66.0,-22.0,1
KILL_SHOT,NOISE,FLATLINE,60,13,0.47,3.96,28.0,52.0,1
KILL_SHOT,NOISE,GENTLE_CONVEX_DOWN,11,0,-0.05,,-0.0,0.0,-1
KILL_SHOT,NOISE,GENTLE_LINEAR_DOWN,14,1,0.25,0.0,4.0,0.0,0
KILL_SHOT,NOISE,NOISE,188,19,1.91,4.61,360.0,88.0,1
KILL_SHOT,NOISE,STEEP_CONCAVE_DOWN,33,5,-0.36,0.2,-12.0,1.0,0
KILL_SHOT,NOISE,STEEP_CONCAVE_UP,82,11,4.22,-0.5,346.0,-6.0,0
KILL_SHOT,NOISE,STEEP_CONVEX_DOWN,78,19,0.53,-11.03,42.0,-210.0,0
KILL_SHOT,NOISE,STEEP_CONVEX_UP,20,7,-0.95,-2.36,-19.0,-16.0,1
KILL_SHOT,NOISE,STEEP_LINEAR_DOWN,121,29,-3.76,-8.66,-456.0,-251.0,1
KILL_SHOT,NOISE,STEEP_LINEAR_UP,123,20,-2.01,-0.03,-247.0,-0.0,1
KILL_SHOT,STEEP_CONCAVE_DOWN,FLATLINE,14,4,6.21,0.0,87.0,0.0,0
KILL_SHOT,STEEP_CONCAVE_DOWN,NOISE,13,4,1.96,4.75,26.0,19.0,1
KILL_SHOT,STEEP_CONCAVE_DOWN,STEEP_CONVEX_DOWN,31,1,2.5,35.0,78.0,35.0,1
KILL_SHOT,STEEP_CONCAVE_DOWN,STEEP_LINEAR_DOWN,76,17,-7.32,-3.68,-556.0,-62.0,1
KILL_SHOT,STEEP_CONCAVE_DOWN,STEEP_LINEAR_UP,13,0,-7.0,,-91.0,0.0,-1
KILL_SHOT,STEEP_CONCAVE_UP,FLATLINE,137,16,2.26,-2.91,310.0,-46.0,0
KILL_SHOT,STEEP_CONCAVE_UP,GENTLE_CONCAVE_UP,10,2,0.85,8.25,8.0,16.0,1
KILL_SHOT,STEEP_CONCAVE_UP,GENTLE_CONVEX_DOWN,16,0,-5.91,,-94.0,0.0,-1
KILL_SHOT,STEEP_CONCAVE_UP,NOISE,183,19,5.06,3.05,926.0,58.0,1
KILL_SHOT,STEEP_CONCAVE_UP,STEEP_CONCAVE_DOWN,44,9,-2.48,-5.28,-109.0,-48.0,1
KILL_SHOT,STEEP_CONCAVE_UP,STEEP_CONCAVE_UP,232,65,-0.47,-3.23,-108.0,-210.0,1
KILL_SHOT,STEEP_CONCAVE_UP,STEEP_CONVEX_DOWN,167,63,0.94,1.12,158.0,70.0,1
KILL_SHOT,STEEP_CONCAVE_UP,STEEP_CONVEX_UP,11,4,-1.77,-1.62,-20.0,-6.0,1
KILL_SHOT,STEEP_CONCAVE_UP,STEEP_LINEAR_DOWN,187,68,1.06,-3.22,198.0,-219.0,0
KILL_SHOT,STEEP_CONCAVE_UP,STEEP_LINEAR_UP,182,38,-0.34,-0.91,-61.0,-34.0,1
KILL_SHOT,STEEP_CONVEX_DOWN,FLATLINE,84,17,0.67,-0.26,56.0,-4.0,0
KILL_SHOT,STEEP_CONVEX_DOWN,NOISE,123,39,2.76,5.45,339.0,212.0,1
KILL_SHOT,STEEP_CONVEX_DOWN,STEEP_CONCAVE_DOWN,20,1,0.68,1.0,14.0,1.0,1
KILL_SHOT,STEEP_CONVEX_DOWN,STEEP_CONCAVE_UP,102,36,0.07,-3.86,8.0,-139.0,0
KILL_SHOT,STEEP_CONVEX_DOWN,STEEP_CONVEX_DOWN,251,43,-0.37,-1.56,-93.0,-67.0,1
KILL_SHOT,STEEP_CONVEX_DOWN,STEEP_CONVEX_UP,19,6,-1.74,1.42,-33.0,8.0,0
KILL_SHOT,STEEP_CONVEX_DOWN,STEEP_LINEAR_DOWN,154,43,-0.27,-0.14,-42.0,-6.0,1
KILL_SHOT,STEEP_CONVEX_DOWN,STEEP_LINEAR_UP,138,31,-3.49,-6.5,-481.0,-202.0,1
KILL_SHOT,STEEP_CONVEX_UP,FLATLINE,10,2,2.8,4.0,28.0,8.0,1
KILL_SHOT,STEEP_CONVEX_UP,NOISE,23,3,2.39,2.83,55.0,8.0,1
KILL_SHOT,STEEP_CONVEX_UP,STEEP_CONCAVE_UP,33,3,-1.12,-4.33,-37.0,-13.0,1
KILL_SHOT,STEEP_CONVEX_UP,STEEP_LINEAR_UP,63,11,-4.75,-1.23,-300.0,-14.0,1
KILL_SHOT,STEEP_LINEAR_DOWN,FLATLINE,81,33,4.41,8.77,357.0,290.0,1
KILL_SHOT,STEEP_LINEAR_DOWN,GENTLE_CONVEX_DOWN,13,0,-0.19,,-2.0,0.0,-1
KILL_SHOT,STEEP_LINEAR_DOWN,GENTLE_LINEAR_UP,12,0,-1.92,,-23.0,0.0,-1
KILL_SHOT,STEEP_LINEAR_DOWN,NOISE,161,28,3.88,7.84,625.0,220.0,1
KILL_SHOT,STEEP_LINEAR_DOWN,STEEP_CONCAVE_DOWN,31,4,-2.45,0.0,-76.0,0.0,0
KILL_SHOT,STEEP_LINEAR_DOWN,STEEP_CONCAVE_UP,79,23,4.44,1.15,350.0,26.0,1
KILL_SHOT,STEEP_LINEAR_DOWN,STEEP_CONVEX_DOWN,393,80,-1.05,-0.68,-413.0,-54.0,1
KILL_SHOT,STEEP_LINEAR_DOWN,STEEP_CONVEX_UP,21,10,0.21,1.0,4.0,10.0,1
KILL_SHOT,STEEP_LINEAR_DOWN,STEEP_LINEAR_DOWN,475,82,-1.87,-1.28,-890.0,-105.0,1
KILL_SHOT,STEEP_LINEAR_DOWN,STEEP_LINEAR_UP,85,23,-0.62,-5.35,-53.0,-123.0,1
KILL_SHOT,STEEP_LINEAR_UP,FLATLINE,97,28,2.09,2.29,202.0,64.0,1
KILL_SHOT,STEEP_LINEAR_UP,GENTLE_CONCAVE_UP,10,1,0.6,0.0,6.0,0.0,0
KILL_SHOT,STEEP_LINEAR_UP,GENTLE_CONVEX_DOWN,28,1,1.57,0.0,44.0,0.0,0
KILL_SHOT,STEEP_LINEAR_UP,GENTLE_LINEAR_DOWN,17,0,5.0,,85.0,0.0,-1
KILL_SHOT,STEEP_LINEAR_UP,NOISE,185,28,4.43,4.3,820.0,120.0,1
KILL_SHOT,STEEP_LINEAR_UP,STEEP_CONCAVE_DOWN,36,4,-2.42,9.62,-87.0,38.0,0
KILL_SHOT,STEEP_LINEAR_UP,STEEP_CONCAVE_UP,350,55,0.18,2.84,62.0,156.0,1
KILL_SHOT,STEEP_LINEAR_UP,STEEP_CONVEX_DOWN,113,6,3.18,5.08,360.0,30.0,1
KILL_SHOT,STEEP_LINEAR_UP,STEEP_CONVEX_UP,35,8,3.36,0.44,118.0,4.0,1
KILL_SHOT,STEEP_LINEAR_UP,STEEP_LINEAR_DOWN,102,29,-2.57,-4.12,-262.0,-120.0,1
KILL_SHOT,STEEP_LINEAR_UP,STEEP_LINEAR_UP,364,87,-0.86,-1.26,-314.0,-110.0,1
NMP_FADE_RAW,FLATLINE,FLATLINE,216,41,0.3,-0.9,66.0,-37.0,0
NMP_FADE_RAW,FLATLINE,GENTLE_CONCAVE_UP,48,2,-0.31,0.0,-15.0,0.0,0
NMP_FADE_RAW,FLATLINE,GENTLE_CONVEX_DOWN,55,1,0.49,3.0,27.0,3.0,1
NMP_FADE_RAW,FLATLINE,GENTLE_CONVEX_UP,16,0,-0.5,,-8.0,0.0,-1
NMP_FADE_RAW,FLATLINE,GENTLE_LINEAR_DOWN,39,4,0.03,-1.38,1.0,-6.0,0
NMP_FADE_RAW,FLATLINE,GENTLE_LINEAR_UP,43,8,0.34,-1.25,14.0,-10.0,0
NMP_FADE_RAW,FLATLINE,NOISE,636,79,1.82,1.44,1154.0,114.0,1
NMP_FADE_RAW,FLATLINE,STEEP_CONCAVE_DOWN,171,43,-2.86,-4.01,-490.0,-172.0,1
NMP_FADE_RAW,FLATLINE,STEEP_CONCAVE_UP,576,85,0.27,0.43,156.0,36.0,1
NMP_FADE_RAW,FLATLINE,STEEP_CONVEX_DOWN,520,109,0.4,2.76,208.0,301.0,1
NMP_FADE_RAW,FLATLINE,STEEP_CONVEX_UP,161,31,-1.86,-4.9,-300.0,-152.0,1
NMP_FADE_RAW,FLATLINE,STEEP_LINEAR_DOWN,933,221,-1.95,-3.12,-1820.0,-690.0,1
NMP_FADE_RAW,FLATLINE,STEEP_LINEAR_UP,937,191,-2.28,-0.69,-2138.0,-132.0,1
NMP_FADE_RAW,GENTLE_CONCAVE_DOWN,FLATLINE,31,2,-0.13,3.5,-4.0,7.0,0
NMP_FADE_RAW,GENTLE_CONCAVE_DOWN,GENTLE_LINEAR_UP,11,1,0.86,16.5,10.0,16.0,1
NMP_FADE_RAW,GENTLE_CONCAVE_DOWN,NOISE,44,1,3.0,5.5,132.0,6.0,1
NMP_FADE_RAW,GENTLE_CONCAVE_DOWN,STEEP_CONCAVE_DOWN,40,5,1.38,2.0,55.0,10.0,1
NMP_FADE_RAW,GENTLE_CONCAVE_DOWN,STEEP_CONCAVE_UP,15,1,2.6,0.0,39.0,0.0,0
NMP_FADE_RAW,GENTLE_CONCAVE_DOWN,STEEP_CONVEX_DOWN,60,4,-0.12,-3.0,-8.0,-12.0,1
NMP_FADE_RAW,GENTLE_CONCAVE_DOWN,STEEP_LINEAR_DOWN,241,15,-1.06,-3.37,-256.0,-50.0,1
NMP_FADE_RAW,GENTLE_CONCAVE_UP,FLATLINE,274,39,0.03,1.58,8.0,62.0,1
NMP_FADE_RAW,GENTLE_CONCAVE_UP,GENTLE_CONCAVE_DOWN,20,3,0.88,0.0,18.0,0.0,0
NMP_FADE_RAW,GENTLE_CONCAVE_UP,GENTLE_CONCAVE_UP,156,3,-0.1,-1.0,-16.0,-3.0,1
NMP_FADE_RAW,GENTLE_CONCAVE_UP,GENTLE_CONVEX_DOWN,111,14,0.2,-0.32,22.0,-4.0,0
NMP_FADE_RAW,GENTLE_CONCAVE_UP,GENTLE_CONVEX_UP,13,1,0.27,0.0,4.0,0.0,0
NMP_FADE_RAW,GENTLE_CONCAVE_UP,GENTLE_LINEAR_DOWN,74,6,0.87,0.17,64.0,1.0,1
NMP_FADE_RAW,GENTLE_CONCAVE_UP,GENTLE_LINEAR_UP,161,10,0.39,0.45,63.0,4.0,1
NMP_FADE_RAW,GENTLE_CONCAVE_UP,NOISE,875,94,1.13,1.04,985.0,98.0,1
NMP_FADE_RAW,GENTLE_CONCAVE_UP,STEEP_CONCAVE_DOWN,208,18,-1.52,-0.06,-316.0,-1.0,1
NMP_FADE_RAW,GENTLE_CONCAVE_UP,STEEP_CONCAVE_UP,731,89,0.02,1.27,17.0,113.0,1
NMP_FADE_RAW,GENTLE_CONCAVE_UP,STEEP_CONVEX_DOWN,718,114,0.27,-0.46,192.0,-53.0,0
NMP_FADE_RAW,GENTLE_CONCAVE_UP,STEEP_CONVEX_UP,32,0,-0.27,,-8.0,0.0,-1
NMP_FADE_RAW,GENTLE_CONCAVE_UP,STEEP_LINEAR_DOWN,821,123,-1.44,-0.62,-1184.0,-76.0,1
NMP_FADE_RAW,GENTLE_CONCAVE_UP,STEEP_LINEAR_UP,401,45,-0.08,1.12,-33.0,50.0,0
NMP_FADE_RAW,GENTLE_CONVEX_DOWN,FLATLINE,265,42,0.38,0.6,100.0,25.0,1
NMP_FADE_RAW,GENTLE_CONVEX_DOWN,GENTLE_CONCAVE_DOWN,11,0,-1.23,,-14.0,0.0,-1
NMP_FADE_RAW,GENTLE_CONVEX_DOWN,GENTLE_CONCAVE_UP,68,4,-0.88,0.62,-60.0,2.0,0
NMP_FADE_RAW,GENTLE_CONVEX_DOWN,GENTLE_CONVEX_DOWN,113,9,0.26,1.17,30.0,10.0,1
NMP_FADE_RAW,GENTLE_CONVEX_DOWN,GENTLE_CONVEX_UP,19,4,0.37,-1.12,7.0,-4.0,0
NMP_FADE_RAW,GENTLE_CONVEX_DOWN,GENTLE_LINEAR_DOWN,89,3,-0.19,-6.17,-17.0,-18.0,1
NMP_FADE_RAW,GENTLE_CONVEX_DOWN,GENTLE_LINEAR_UP,53,15,-0.06,1.57,-3.0,24.0,0
NMP_FADE_RAW,GENTLE_CONVEX_DOWN,NOISE,776,79,1.61,1.59,1250.0,126.0,1
NMP_FADE_RAW,GENTLE_CONVEX_DOWN,STEEP_CONCAVE_DOWN,24,1,1.44,0.0,34.0,0.0,0
NMP_FADE_RAW,GENTLE_CONVEX_DOWN,STEEP_CONCAVE_UP,613,114,0.26,0.44,160.0,50.0,1
NMP_FADE_RAW,GENTLE_CONVEX_DOWN,STEEP_CONVEX_DOWN,712,107,0.14,2.11,100.0,226.0,1
NMP_FADE_RAW,GENTLE_CONVEX_DOWN,STEEP_CONVEX_UP,147,15,-1.52,-0.67,-223.0,-10.0,1
NMP_FADE_RAW,GENTLE_CONVEX_DOWN,STEEP_LINEAR_DOWN,374,64,0.27,-0.01,101.0,-0.0,0
NMP_FADE_RAW,GENTLE_CONVEX_DOWN,STEEP_LINEAR_UP,873,175,-1.57,-1.09,-1371.0,-190.0,1
NMP_FADE_RAW,GENTLE_CONVEX_UP,FLATLINE,21,1,4.19,0.0,88.0,0.0,0
NMP_FADE_RAW,GENTLE_CONVEX_UP,GENTLE_CONCAVE_UP,10,0,0.3,,3.0,0.0,-1
NMP_FADE_RAW,GENTLE_CONVEX_UP,NOISE,57,5,2.46,0.4,140.0,2.0,1
NMP_FADE_RAW,GENTLE_CONVEX_UP,STEEP_CONCAVE_UP,41,12,-0.51,-0.58,-21.0,-7.0,1
NMP_FADE_RAW,GENTLE_CONVEX_UP,STEEP_CONVEX_UP,43,7,0.07,-1.64,3.0,-12.0,0
NMP_FADE_RAW,GENTLE_CONVEX_UP,STEEP_LINEAR_DOWN,23,5,0.54,-1.2,12.0,-6.0,0
NMP_FADE_RAW,GENTLE_CONVEX_UP,STEEP_LINEAR_UP,187,27,-0.7,0.19,-130.0,5.0,0
NMP_FADE_RAW,GENTLE_LINEAR_DOWN,FLATLINE,146,20,1.67,-0.8,244.0,-16.0,0
NMP_FADE_RAW,GENTLE_LINEAR_DOWN,GENTLE_CONCAVE_DOWN,12,0,-1.17,,-14.0,0.0,-1
NMP_FADE_RAW,GENTLE_LINEAR_DOWN,GENTLE_CONCAVE_UP,49,5,-0.38,3.7,-18.0,18.0,0
NMP_FADE_RAW,GENTLE_LINEAR_DOWN,GENTLE_CONVEX_DOWN,62,2,0.05,-1.75,3.0,-4.0,0
NMP_FADE_RAW,GENTLE_LINEAR_DOWN,GENTLE_CONVEX_UP,13,0,-0.92,,-12.0,0.0,-1
NMP_FADE_RAW,GENTLE_LINEAR_DOWN,GENTLE_LINEAR_DOWN,53,4,-0.25,-3.62,-14.0,-14.0,1
NMP_FADE_RAW,GENTLE_LINEAR_DOWN,GENTLE_LINEAR_UP,39,6,-0.15,-4.75,-6.0,-28.0,1
NMP_FADE_RAW,GENTLE_LINEAR_DOWN,NOISE,430,41,1.33,2.29,573.0,94.0,1
NMP_FADE_RAW,GENTLE_LINEAR_DOWN,STEEP_CONCAVE_DOWN,35,3,0.54,0.0,19.0,0.0,0
NMP_FADE_RAW,GENTLE_LINEAR_DOWN,STEEP_CONCAVE_UP,264,51,0.24,0.22,62.0,11.0,1
NMP_FADE_RAW,GENTLE_LINEAR_DOWN,STEEP_CONVEX_DOWN,582,68,0.12,0.34,70.0,23.0,1
NMP_FADE_RAW,GENTLE_LINEAR_DOWN,STEEP_CONVEX_UP,68,4,-0.19,0.0,-13.0,0.0,0
NMP_FADE_RAW,GENTLE_LINEAR_DOWN,STEEP_LINEAR_DOWN,499,74,-0.09,0.36,-46.0,26.0,0
NMP_FADE_RAW,GENTLE_LINEAR_DOWN,STEEP_LINEAR_UP,315,60,-1.1,-0.14,-346.0,-8.0,1
NMP_FADE_RAW,GENTLE_LINEAR_UP,FLATLINE,141,13,0.74,2.27,104.0,30.0,1
NMP_FADE_RAW,GENTLE_LINEAR_UP,GENTLE_CONCAVE_UP,94,8,-0.03,-1.69,-2.0,-14.0,1
NMP_FADE_RAW,GENTLE_LINEAR_UP,GENTLE_CONVEX_DOWN,62,10,-0.31,-0.35,-20.0,-4.0,1
NMP_FADE_RAW,GENTLE_LINEAR_UP,GENTLE_CONVEX_UP,17,0,-0.88,,-15.0,0.0,-1
NMP_FADE_RAW,GENTLE_LINEAR_UP,GENTLE_LINEAR_DOWN,39,4,0.06,-3.88,2.0,-16.0,0
NMP_FADE_RAW,GENTLE_LINEAR_UP,GENTLE_LINEAR_UP,37,6,0.72,2.42,26.0,14.0,1
NMP_FADE_RAW,GENTLE_LINEAR_UP,NOISE,480,33,1.22,3.77,588.0,124.0,1
NMP_FADE_RAW,GENTLE_LINEAR_UP,STEEP_CONCAVE_DOWN,68,9,-1.93,2.5,-132.0,22.0,0
NMP_FADE_RAW,GENTLE_LINEAR_UP,STEEP_CONCAVE_UP,581,75,0.1,0.52,58.0,39.0,1
NMP_FADE_RAW,GENTLE_LINEAR_UP,STEEP_CONVEX_DOWN,312,48,0.74,1.11,232.0,54.0,1
NMP_FADE_RAW,GENTLE_LINEAR_UP,STEEP_CONVEX_UP,44,2,1.16,-10.5,51.0,-21.0,0
NMP_FADE_RAW,GENTLE_LINEAR_UP,STEEP_LINEAR_DOWN,279,53,-1.28,-1.56,-358.0,-82.0,1
NMP_FADE_RAW,GENTLE_LINEAR_UP,STEEP_LINEAR_UP,592,68,-0.46,-0.44,-274.0,-30.0,1
NMP_FADE_RAW,NOISE,FLATLINE,174,49,-0.15,2.11,-26.0,104.0,0
NMP_FADE_RAW,NOISE,GENTLE_CONCAVE_UP,50,4,-0.68,1.0,-34.0,4.0,0
NMP_FADE_RAW,NOISE,GENTLE_CONVEX_DOWN,43,1,0.08,0.0,4.0,0.0,0
NMP_FADE_RAW,NOISE,GENTLE_CONVEX_UP,11,1,-0.5,0.5,-6.0,0.0,0
NMP_FADE_RAW,NOISE,GENTLE_LINEAR_DOWN,63,2,-0.14,0.0,-9.0,0.0,0
NMP_FADE_RAW,NOISE,GENTLE_LINEAR_UP,36,0,1.1,,40.0,0.0,-1
NMP_FADE_RAW,NOISE,NOISE,768,97,2.13,2.79,1638.0,271.0,1
NMP_FADE_RAW,NOISE,STEEP_CONCAVE_DOWN,105,15,-3.35,-7.13,-352.0,-107.0,1
NMP_FADE_RAW,NOISE,STEEP_CONCAVE_UP,488,64,1.29,4.3,631.0,276.0,1
NMP_FADE_RAW,NOISE,STEEP_CONVEX_DOWN,414,86,0.63,-1.78,262.0,-154.0,0
NMP_FADE_RAW,NOISE,STEEP_CONVEX_UP,108,15,-3.14,-3.57,-340.0,-54.0,1
NMP_FADE_RAW,NOISE,STEEP_LINEAR_DOWN,612,92,-2.03,-4.42,-1240.0,-406.0,1
NMP_FADE_RAW,NOISE,STEEP_LINEAR_UP,566,110,-1.54,-1.56,-872.0,-172.0,1
NMP_FADE_RAW,STEEP_CONCAVE_DOWN,FLATLINE,38,9,5.7,2.89,216.0,26.0,1
NMP_FADE_RAW,STEEP_CONCAVE_DOWN,NOISE,77,12,11.99,12.38,923.0,148.0,1
NMP_FADE_RAW,STEEP_CONCAVE_DOWN,STEEP_CONCAVE_DOWN,69,9,-0.45,1.22,-31.0,11.0,0
NMP_FADE_RAW,STEEP_CONCAVE_DOWN,STEEP_CONCAVE_UP,34,8,6.65,0.88,226.0,7.0,1
NMP_FADE_RAW,STEEP_CONCAVE_DOWN,STEEP_CONVEX_DOWN,122,14,-0.0,6.54,-0.0,92.0,0
NMP_FADE_RAW,STEEP_CONCAVE_DOWN,STEEP_LINEAR_DOWN,395,62,-4.4,-2.23,-1738.0,-138.0,1
NMP_FADE_RAW,STEEP_CONCAVE_DOWN,STEEP_LINEAR_UP,33,0,-2.82,,-93.0,0.0,-1
NMP_FADE_RAW,STEEP_CONCAVE_UP,FLATLINE,510,96,1.22,-0.56,622.0,-54.0,0
NMP_FADE_RAW,STEEP_CONCAVE_UP,GENTLE_CONCAVE_UP,68,6,-0.71,2.75,-48.0,16.0,0
NMP_FADE_RAW,STEEP_CONCAVE_UP,GENTLE_CONVEX_DOWN,84,8,-0.01,1.0,-0.0,8.0,0
NMP_FADE_RAW,STEEP_CONCAVE_UP,GENTLE_CONVEX_UP,21,1,-1.07,8.5,-22.0,8.0,0
NMP_FADE_RAW,STEEP_CONCAVE_UP,GENTLE_LINEAR_DOWN,38,6,0.64,5.08,24.0,30.0,1
NMP_FADE_RAW,STEEP_CONCAVE_UP,GENTLE_LINEAR_UP,47,3,1.26,0.0,59.0,0.0,0
NMP_FADE_RAW,STEEP_CONCAVE_UP,NOISE,828,140,4.69,4.17,3886.0,584.0,1
NMP_FADE_RAW,STEEP_CONCAVE_UP,STEEP_CONCAVE_DOWN,224,53,0.64,-5.72,143.0,-303.0,0
NMP_FADE_RAW,STEEP_CONCAVE_UP,STEEP_CONCAVE_UP,1773,449,0.38,-1.17,682.0,-526.0,0
NMP_FADE_RAW,STEEP_CONCAVE_UP,STEEP_CONVEX_DOWN,1177,314,1.38,1.83,1624.0,574.0,1
NMP_FADE_RAW,STEEP_CONCAVE_UP,STEEP_CONVEX_UP,63,15,2.94,-0.3,185.0,-4.0,0
NMP_FADE_RAW,STEEP_CONCAVE_UP,STEEP_LINEAR_DOWN,1200,364,-2.34,-2.61,-2810.0,-950.0,1
NMP_FADE_RAW,STEEP_CONCAVE_UP,STEEP_LINEAR_UP,1233,252,-0.06,-0.36,-74.0,-90.0,1
NMP_FADE_RAW,STEEP_CONVEX_DOWN,FLATLINE,379,74,1.28,0.9,485.0,66.0,1
NMP_FADE_RAW,STEEP_CONVEX_DOWN,GENTLE_CONCAVE_UP,39,13,0.69,0.23,27.0,3.0,1
NMP_FADE_RAW,STEEP_CONVEX_DOWN,GENTLE_CONVEX_DOWN,34,2,1.1,1.75,38.0,4.0,1
NMP_FADE_RAW,STEEP_CONVEX_DOWN,GENTLE_LINEAR_DOWN,38,4,0.51,0.5,20.0,2.0,1
NMP_FADE_RAW,STEEP_CONVEX_DOWN,GENTLE_LINEAR_UP,30,5,0.45,0.3,14.0,2.0,1
NMP_FADE_RAW,STEEP_CONVEX_DOWN,NOISE,774,169,4.21,4.8,3256.0,811.0,1
NMP_FADE_RAW,STEEP_CONVEX_DOWN,STEEP_CONCAVE_DOWN,56,9,-1.34,6.11,-75.0,55.0,0
NMP_FADE_RAW,STEEP_CONVEX_DOWN,STEEP_CONCAVE_UP,1109,288,0.67,-0.54,746.0,-156.0,0
NMP_FADE_RAW,STEEP_CONVEX_DOWN,STEEP_CONVEX_DOWN,1509,327,0.32,-0.21,486.0,-68.0,0
NMP_FADE_RAW,STEEP_CONVEX_DOWN,STEEP_CONVEX_UP,144,35,-0.91,-0.1,-130.0,-4.0,1
NMP_FADE_RAW,STEEP_CONVEX_DOWN,STEEP_LINEAR_DOWN,994,262,0.12,0.37,124.0,98.0,1
NMP_FADE_RAW,STEEP_CONVEX_DOWN,STEEP_LINEAR_UP,1052,272,-2.83,-2.31,-2976.0,-628.0,1
NMP_FADE_RAW,STEEP_CONVEX_UP,FLATLINE,34,5,3.75,6.4,128.0,32.0,1
NMP_FADE_RAW,STEEP_CONVEX_UP,GENTLE_CONVEX_DOWN,12,0,2.62,,32.0,0.0,-1
NMP_FADE_RAW,STEEP_CONVEX_UP,NOISE,72,12,5.21,4.54,375.0,54.0,1
NMP_FADE_RAW,STEEP_CONVEX_UP,STEEP_CONCAVE_UP,133,23,-0.86,-6.09,-115.0,-140.0,1
NMP_FADE_RAW,STEEP_CONVEX_UP,STEEP_CONVEX_DOWN,36,5,4.83,1.5,174.0,8.0,1
NMP_FADE_RAW,STEEP_CONVEX_UP,STEEP_CONVEX_UP,27,3,-4.24,3.33,-114.0,10.0,0
NMP_FADE_RAW,STEEP_CONVEX_UP,STEEP_LINEAR_DOWN,38,6,3.92,4.25,149.0,26.0,1
NMP_FADE_RAW,STEEP_CONVEX_UP,STEEP_LINEAR_UP,324,51,-2.66,-2.16,-862.0,-110.0,1
NMP_FADE_RAW,STEEP_LINEAR_DOWN,FLATLINE,481,128,3.81,4.27,1834.0,546.0,1
NMP_FADE_RAW,STEEP_LINEAR_DOWN,GENTLE_CONCAVE_UP,51,10,-0.02,0.05,-1.0,0.0,0
NMP_FADE_RAW,STEEP_LINEAR_DOWN,GENTLE_CONVEX_DOWN,66,4,0.64,-5.5,42.0,-22.0,0
NMP_FADE_RAW,STEEP_LINEAR_DOWN,GENTLE_LINEAR_DOWN,26,0,1.35,,35.0,0.0,-1
NMP_FADE_RAW,STEEP_LINEAR_DOWN,GENTLE_LINEAR_UP,33,11,-0.47,-1.0,-16.0,-11.0,1
NMP_FADE_RAW,STEEP_LINEAR_DOWN,NOISE,913,176,3.82,7.06,3488.0,1243.0,1
NMP_FADE_RAW,STEEP_LINEAR_DOWN,STEEP_CONCAVE_DOWN,114,47,-0.34,-2.51,-38.0,-118.0,1
NMP_FADE_RAW,STEEP_LINEAR_DOWN,STEEP_CONCAVE_UP,877,258,2.73,2.0,2393.0,517.0,1
NMP_FADE_RAW,STEEP_LINEAR_DOWN,STEEP_CONVEX_DOWN,2023,464,0.08,1.6,164.0,744.0,1
NMP_FADE_RAW,STEEP_LINEAR_DOWN,STEEP_CONVEX_UP,115,44,-0.54,-1.39,-62.0,-61.0,1
NMP_FADE_RAW,STEEP_LINEAR_DOWN,STEEP_LINEAR_DOWN,3178,742,-1.2,-1.09,-3804.0,-806.0,1
NMP_FADE_RAW,STEEP_LINEAR_DOWN,STEEP_LINEAR_UP,751,204,-2.45,-3.65,-1839.0,-744.0,1
NMP_FADE_RAW,STEEP_LINEAR_UP,FLATLINE,471,116,2.09,3.03,986.0,352.0,1
NMP_FADE_RAW,STEEP_LINEAR_UP,GENTLE_CONCAVE_UP,64,3,-0.7,0.17,-44.0,0.0,0
NMP_FADE_RAW,STEEP_LINEAR_UP,GENTLE_CONVEX_DOWN,82,3,0.99,-1.67,81.0,-5.0,0
NMP_FADE_RAW,STEEP_LINEAR_UP,GENTLE_CONVEX_UP,11,3,2.41,4.5,26.0,14.0,1
NMP_FADE_RAW,STEEP_LINEAR_UP,GENTLE_LINEAR_DOWN,43,0,3.29,,142.0,0.0,-1
NMP_FADE_RAW,STEEP_LINEAR_UP,GENTLE_LINEAR_UP,33,8,0.83,2.69,28.0,22.0,1
NMP_FADE_RAW,STEEP_LINEAR_UP,NOISE,846,129,3.34,6.41,2824.0,828.0,1
NMP_FADE_RAW,STEEP_LINEAR_UP,STEEP_CONCAVE_DOWN,177,21,-2.7,0.79,-478.0,16.0,0
NMP_FADE_RAW,STEEP_LINEAR_UP,STEEP_CONCAVE_UP,2172,407,-0.28,-1.03,-604.0,-420.0,1
NMP_FADE_RAW,STEEP_LINEAR_UP,STEEP_CONVEX_DOWN,880,137,1.38,2.42,1214.0,332.0,1
NMP_FADE_RAW,STEEP_LINEAR_UP,STEEP_CONVEX_UP,172,22,1.5,4.23,258.0,93.0,1
NMP_FADE_RAW,STEEP_LINEAR_UP,STEEP_LINEAR_DOWN,786,198,-1.63,-1.53,-1282.0,-304.0,1
NMP_FADE_RAW,STEEP_LINEAR_UP,STEEP_LINEAR_UP,2880,519,-0.93,-2.13,-2688.0,-1103.0,1
NMP_RIDE_RAW,STEEP_CONCAVE_UP,STEEP_CONVEX_DOWN,11,0,-15.09,,-166.0,0.0,-1
NMP_RIDE_RAW,STEEP_LINEAR_DOWN,STEEP_CONVEX_DOWN,12,2,-7.79,109.5,-94.0,219.0,0
NMP_RIDE_RAW,STEEP_LINEAR_DOWN,STEEP_LINEAR_DOWN,11,1,17.95,54.0,198.0,54.0,1
NMP_RIDE_RAW,STEEP_LINEAR_UP,STEEP_CONCAVE_UP,10,1,-57.3,44.5,-573.0,44.0,0
NMP_RIDE_RAW,STEEP_LINEAR_UP,STEEP_LINEAR_UP,19,4,28.08,55.5,534.0,222.0,1
RIDE_AGAINST,FLATLINE,STEEP_CONVEX_DOWN,11,2,-33.91,-40.5,-373.0,-81.0,1
RIDE_AGAINST,FLATLINE,STEEP_LINEAR_UP,12,3,29.5,-9.17,354.0,-28.0,0
RIDE_AGAINST,GENTLE_CONVEX_DOWN,STEEP_LINEAR_UP,11,3,21.5,10.0,236.0,30.0,1
RIDE_AGAINST,NOISE,NOISE,12,4,5.5,-77.12,66.0,-308.0,0
RIDE_AGAINST,NOISE,STEEP_LINEAR_DOWN,10,3,62.1,-13.5,621.0,-40.0,0
RIDE_AGAINST,STEEP_CONCAVE_UP,NOISE,17,3,1.68,21.0,28.0,63.0,1
RIDE_AGAINST,STEEP_CONCAVE_UP,STEEP_CONCAVE_UP,26,8,-18.52,9.75,-482.0,78.0,0
RIDE_AGAINST,STEEP_CONCAVE_UP,STEEP_CONVEX_DOWN,21,4,14.71,-3.88,309.0,-16.0,0
RIDE_AGAINST,STEEP_CONCAVE_UP,STEEP_LINEAR_DOWN,16,3,52.16,7.83,834.0,24.0,1
RIDE_AGAINST,STEEP_CONCAVE_UP,STEEP_LINEAR_UP,20,5,2.8,-52.6,56.0,-263.0,0
RIDE_AGAINST,STEEP_CONVEX_DOWN,STEEP_CONVEX_DOWN,22,7,-20.2,10.0,-444.0,70.0,0
RIDE_AGAINST,STEEP_CONVEX_DOWN,STEEP_LINEAR_DOWN,15,6,3.47,2.08,52.0,12.0,1
RIDE_AGAINST,STEEP_LINEAR_DOWN,STEEP_CONVEX_DOWN,38,10,11.53,-18.75,438.0,-188.0,0
RIDE_AGAINST,STEEP_LINEAR_DOWN,STEEP_LINEAR_DOWN,53,10,14.79,-31.75,784.0,-318.0,0
RIDE_AGAINST,STEEP_LINEAR_UP,STEEP_CONCAVE_UP,34,12,-24.49,10.12,-832.0,122.0,0
RIDE_AGAINST,STEEP_LINEAR_UP,STEEP_CONVEX_DOWN,16,3,-62.94,7.67,-1007.0,23.0,0
RIDE_AGAINST,STEEP_LINEAR_UP,STEEP_LINEAR_UP,51,12,7.86,40.0,401.0,480.0,1
