timestamp,depth,oracle_label,oracle_label_name,oracle_dir,fn_potential_pnl,dna_expectancy,reason,gate_blocked,workers
1743525300,5,2,MEGA_LONG,LONG,212.0,893.460784313725,competed,gate0_r4_struct,"{""1h"": {""d"": 0.137, ""c"": 0.726, ""m"": 0.184, ""mfe"": 195.6}, ""30m"": {""d"": 0.678, ""c"": 0.356, ""m"": 0.08, ""mfe"": 195.6}, ""15m"": {""d"": 0.377, ""c"": 0.246, ""m"": 0.057, ""mfe"": 195.6}, ""5m"": {""d"": 0.725, ""c"": 0.451, ""m"": 0.126, ""mfe"": 195.6}, ""3m"": {""d"": 0.509, ""c"": 0.017, ""m"": 0.005, ""mfe"": 195.6}, ""1m"": {""d"": 0.177, ""c"": 0.646, ""m"": 0.245, ""mfe"": 6983.7}, ""30s"": {""d"": 0.441, ""c"": 0.118, ""m"": 0.042, ""mfe"": 195.6}, ""15s"": {""d"": 0.484, ""c"": 0.033, ""m"": 0.013, ""mfe"": 1885.0}, ""5s"": {""d"": 0.454, ""c"": 0.092, ""m"": 0.037, ""mfe"": 195.6}, ""1s"": {""d"": 0.632, ""c"": 0.263, ""m"": 0.108, ""mfe"": -3622.0}}"
1743600600,4,2,MEGA_LONG,LONG,720.5,-1166.5285714285733,competed,gate1,"{""1h"": {""d"": 0.357, ""c"": 0.286, ""m"": 0.059, ""mfe"": 195.6}, ""30m"": {""d"": 0.49, ""c"": 0.019, ""m"": 0.004, ""mfe"": 195.6}, ""15m"": {""d"": 0.893, ""c"": 0.786, ""m"": 0.243, ""mfe"": 3280.5}, ""5m"": {""d"": 0.65, ""c"": 0.3, ""m"": 0.08, ""mfe"": 195.6}, ""3m"": {""d"": 0.48, ""c"": 0.041, ""m"": 0.011, ""mfe"": 195.6}, ""1m"": {""d"": 0.578, ""c"": 0.155, ""m"": 0.05, ""mfe"": 195.6}, ""30s"": {""d"": 0.511, ""c"": 0.022, ""m"": 0.008, ""mfe"": 195.6}, ""15s"": {""d"": 0.338, ""c"": 0.323, ""m"": 0.134, ""mfe"": 104.4}, ""5s"": {""d"": 0.376, ""c"": 0.248, ""m"": 0.101, ""mfe"": -1207.7}, ""1s"": {""d"": 0.298, ""c"": 0.404, ""m"": 0.171, ""mfe"": 1427.6}}"
1743600600,4,2,MEGA_LONG,LONG,720.5,-1166.5285714285733,competed,gate1,"{""1h"": {""d"": 0.357, ""c"": 0.286, ""m"": 0.059, ""mfe"": 195.6}, ""30m"": {""d"": 0.49, ""c"": 0.019, ""m"": 0.004, ""mfe"": 195.6}, ""15m"": {""d"": 0.893, ""c"": 0.786, ""m"": 0.243, ""mfe"": 3280.5}, ""5m"": {""d"": 0.65, ""c"": 0.3, ""m"": 0.08, ""mfe"": 195.6}, ""3m"": {""d"": 0.48, ""c"": 0.041, ""m"": 0.011, ""mfe"": 195.6}, ""1m"": {""d"": 0.578, ""c"": 0.155, ""m"": 0.05, ""mfe"": 195.6}, ""30s"": {""d"": 0.511, ""c"": 0.022, ""m"": 0.008, ""mfe"": 195.6}, ""15s"": {""d"": 0.338, ""c"": 0.323, ""m"": 0.134, ""mfe"": 104.4}, ""5s"": {""d"": 0.376, ""c"": 0.248, ""m"": 0.101, ""mfe"": -1207.7}, ""1s"": {""d"": 0.298, ""c"": 0.404, ""m"": 0.171, ""mfe"": 1427.6}}"
1743600600,5,2,MEGA_LONG,LONG,592.0,-1166.5285714285728,competed,gate0_r4_struct,"{""1h"": {""d"": 0.357, ""c"": 0.286, ""m"": 0.059, ""mfe"": 195.6}, ""30m"": {""d"": 0.49, ""c"": 0.019, ""m"": 0.004, ""mfe"": 195.6}, ""15m"": {""d"": 0.893, ""c"": 0.786, ""m"": 0.243, ""mfe"": 3280.5}, ""5m"": {""d"": 0.65, ""c"": 0.3, ""m"": 0.08, ""mfe"": 195.6}, ""3m"": {""d"": 0.48, ""c"": 0.041, ""m"": 0.011, ""mfe"": 195.6}, ""1m"": {""d"": 0.578, ""c"": 0.155, ""m"": 0.05, ""mfe"": 195.6}, ""30s"": {""d"": 0.511, ""c"": 0.022, ""m"": 0.008, ""mfe"": 195.6}, ""15s"": {""d"": 0.338, ""c"": 0.323, ""m"": 0.134, ""mfe"": 104.4}, ""5s"": {""d"": 0.376, ""c"": 0.248, ""m"": 0.101, ""mfe"": -1207.7}, ""1s"": {""d"": 0.298, ""c"": 0.404, ""m"": 0.171, ""mfe"": 1427.6}}"
1743601560,11,2,MEGA_LONG,LONG,133.0,893.4607843137255,competed,gate0_r4_struct,"{""1h"": {""d"": 0.357, ""c"": 0.286, ""m"": 0.059, ""mfe"": 195.6}, ""30m"": {""d"": 0.49, ""c"": 0.019, ""m"": 0.004, ""mfe"": 195.6}, ""15m"": {""d"": 0.756, ""c"": 0.511, ""m"": 0.129, ""mfe"": 195.6}, ""5m"": {""d"": 0.624, ""c"": 0.248, ""m"": 0.066, ""mfe"": 195.6}, ""3m"": {""d"": 0.606, ""c"": 0.213, ""m"": 0.059, ""mfe"": 195.6}, ""1m"": {""d"": 0.343, ""c"": 0.314, ""m"": 0.104, ""mfe"": 195.6}, ""30s"": {""d"": 0.242, ""c"": 0.516, ""m"": 0.203, ""mfe"": 5270.6}, ""15s"": {""d"": 0.436, ""c"": 0.128, ""m"": 0.052, ""mfe"": 617.5}, ""5s"": {""d"": 0.342, ""c"": 0.316, ""m"": 0.131, ""mfe"": 195.6}, ""1s"": {""d"": 0.593, ""c"": 0.186, ""m"": 0.075, ""mfe"": 195.6}}"
1743601560,12,2,MEGA_LONG,LONG,101.0,-1166.5285714285712,competed,gate0_r4_nightmare,"{""1h"": {""d"": 0.357, ""c"": 0.286, ""m"": 0.059, ""mfe"": 195.6}, ""30m"": {""d"": 0.49, ""c"": 0.019, ""m"": 0.004, ""mfe"": 195.6}, ""15m"": {""d"": 0.756, ""c"": 0.511, ""m"": 0.129, ""mfe"": 195.6}, ""5m"": {""d"": 0.624, ""c"": 0.248, ""m"": 0.066, ""mfe"": 195.6}, ""3m"": {""d"": 0.606, ""c"": 0.213, ""m"": 0.059, ""mfe"": 195.6}, ""1m"": {""d"": 0.343, ""c"": 0.314, ""m"": 0.104, ""mfe"": 195.6}, ""30s"": {""d"": 0.242, ""c"": 0.516, ""m"": 0.203, ""mfe"": 5270.6}, ""15s"": {""d"": 0.436, ""c"": 0.128, ""m"": 0.052, ""mfe"": 617.5}, ""5s"": {""d"": 0.342, ""c"": 0.316, ""m"": 0.131, ""mfe"": 195.6}, ""1s"": {""d"": 0.593, ""c"": 0.186, ""m"": 0.075, ""mfe"": 195.6}}"
1743601560,12,2,MEGA_LONG,LONG,101.0,-1166.5285714285712,competed,gate0_r4_struct,"{""1h"": {""d"": 0.357, ""c"": 0.286, ""m"": 0.059, ""mfe"": 195.6}, ""30m"": {""d"": 0.49, ""c"": 0.019, ""m"": 0.004, ""mfe"": 195.6}, ""15m"": {""d"": 0.756, ""c"": 0.511, ""m"": 0.129, ""mfe"": 195.6}, ""5m"": {""d"": 0.624, ""c"": 0.248, ""m"": 0.066, ""mfe"": 195.6}, ""3m"": {""d"": 0.606, ""c"": 0.213, ""m"": 0.059, ""mfe"": 195.6}, ""1m"": {""d"": 0.343, ""c"": 0.314, ""m"": 0.104, ""mfe"": 195.6}, ""30s"": {""d"": 0.242, ""c"": 0.516, ""m"": 0.203, ""mfe"": 5270.6}, ""15s"": {""d"": 0.436, ""c"": 0.128, ""m"": 0.052, ""mfe"": 617.5}, ""5s"": {""d"": 0.342, ""c"": 0.316, ""m"": 0.131, ""mfe"": 195.6}, ""1s"": {""d"": 0.593, ""c"": 0.186, ""m"": 0.075, ""mfe"": 195.6}}"
1743601560,12,2,MEGA_LONG,LONG,101.0,-1166.5285714285712,competed,gate0_r4_nightmare,"{""1h"": {""d"": 0.357, ""c"": 0.286, ""m"": 0.059, ""mfe"": 195.6}, ""30m"": {""d"": 0.49, ""c"": 0.019, ""m"": 0.004, ""mfe"": 195.6}, ""15m"": {""d"": 0.756, ""c"": 0.511, ""m"": 0.129, ""mfe"": 195.6}, ""5m"": {""d"": 0.624, ""c"": 0.248, ""m"": 0.066, ""mfe"": 195.6}, ""3m"": {""d"": 0.606, ""c"": 0.213, ""m"": 0.059, ""mfe"": 195.6}, ""1m"": {""d"": 0.343, ""c"": 0.314, ""m"": 0.104, ""mfe"": 195.6}, ""30s"": {""d"": 0.242, ""c"": 0.516, ""m"": 0.203, ""mfe"": 5270.6}, ""15s"": {""d"": 0.436, ""c"": 0.128, ""m"": 0.052, ""mfe"": 617.5}, ""5s"": {""d"": 0.342, ""c"": 0.316, ""m"": 0.131, ""mfe"": 195.6}, ""1s"": {""d"": 0.593, ""c"": 0.186, ""m"": 0.075, ""mfe"": 195.6}}"
1743601560,12,2,MEGA_LONG,LONG,101.0,-1166.5285714285712,competed,gate0_r4_struct,"{""1h"": {""d"": 0.357, ""c"": 0.286, ""m"": 0.059, ""mfe"": 195.6}, ""30m"": {""d"": 0.49, ""c"": 0.019, ""m"": 0.004, ""mfe"": 195.6}, ""15m"": {""d"": 0.756, ""c"": 0.511, ""m"": 0.129, ""mfe"": 195.6}, ""5m"": {""d"": 0.624, ""c"": 0.248, ""m"": 0.066, ""mfe"": 195.6}, ""3m"": {""d"": 0.606, ""c"": 0.213, ""m"": 0.059, ""mfe"": 195.6}, ""1m"": {""d"": 0.343, ""c"": 0.314, ""m"": 0.104, ""mfe"": 195.6}, ""30s"": {""d"": 0.242, ""c"": 0.516, ""m"": 0.203, ""mfe"": 5270.6}, ""15s"": {""d"": 0.436, ""c"": 0.128, ""m"": 0.052, ""mfe"": 617.5}, ""5s"": {""d"": 0.342, ""c"": 0.316, ""m"": 0.131, ""mfe"": 195.6}, ""1s"": {""d"": 0.593, ""c"": 0.186, ""m"": 0.075, ""mfe"": 195.6}}"
1743601560,12,2,MEGA_LONG,LONG,107.5,-1166.5285714285712,competed,gate0_r4_struct,"{""1h"": {""d"": 0.357, ""c"": 0.286, ""m"": 0.059, ""mfe"": 195.6}, ""30m"": {""d"": 0.49, ""c"": 0.019, ""m"": 0.004, ""mfe"": 195.6}, ""15m"": {""d"": 0.756, ""c"": 0.511, ""m"": 0.129, ""mfe"": 195.6}, ""5m"": {""d"": 0.624, ""c"": 0.248, ""m"": 0.066, ""mfe"": 195.6}, ""3m"": {""d"": 0.606, ""c"": 0.213, ""m"": 0.059, ""mfe"": 195.6}, ""1m"": {""d"": 0.343, ""c"": 0.314, ""m"": 0.104, ""mfe"": 195.6}, ""30s"": {""d"": 0.242, ""c"": 0.516, ""m"": 0.203, ""mfe"": 5270.6}, ""15s"": {""d"": 0.436, ""c"": 0.128, ""m"": 0.052, ""mfe"": 617.5}, ""5s"": {""d"": 0.342, ""c"": 0.316, ""m"": 0.131, ""mfe"": 195.6}, ""1s"": {""d"": 0.593, ""c"": 0.186, ""m"": 0.075, ""mfe"": 195.6}}"
1743601560,12,2,MEGA_LONG,LONG,107.5,-1166.5285714285712,competed,gate0_r4_struct,"{""1h"": {""d"": 0.357, ""c"": 0.286, ""m"": 0.059, ""mfe"": 195.6}, ""30m"": {""d"": 0.49, ""c"": 0.019, ""m"": 0.004, ""mfe"": 195.6}, ""15m"": {""d"": 0.756, ""c"": 0.511, ""m"": 0.129, ""mfe"": 195.6}, ""5m"": {""d"": 0.624, ""c"": 0.248, ""m"": 0.066, ""mfe"": 195.6}, ""3m"": {""d"": 0.606, ""c"": 0.213, ""m"": 0.059, ""mfe"": 195.6}, ""1m"": {""d"": 0.343, ""c"": 0.314, ""m"": 0.104, ""mfe"": 195.6}, ""30s"": {""d"": 0.242, ""c"": 0.516, ""m"": 0.203, ""mfe"": 5270.6}, ""15s"": {""d"": 0.436, ""c"": 0.128, ""m"": 0.052, ""mfe"": 617.5}, ""5s"": {""d"": 0.342, ""c"": 0.316, ""m"": 0.131, ""mfe"": 195.6}, ""1s"": {""d"": 0.593, ""c"": 0.186, ""m"": 0.075, ""mfe"": 195.6}}"
1743601560,11,2,MEGA_LONG,LONG,145.5,893.4607843137255,competed,gate0_r4_struct,"{""1h"": {""d"": 0.357, ""c"": 0.286, ""m"": 0.059, ""mfe"": 195.6}, ""30m"": {""d"": 0.49, ""c"": 0.019, ""m"": 0.004, ""mfe"": 195.6}, ""15m"": {""d"": 0.756, ""c"": 0.511, ""m"": 0.129, ""mfe"": 195.6}, ""5m"": {""d"": 0.624, ""c"": 0.248, ""m"": 0.066, ""mfe"": 195.6}, ""3m"": {""d"": 0.606, ""c"": 0.213, ""m"": 0.059, ""mfe"": 195.6}, ""1m"": {""d"": 0.343, ""c"": 0.314, ""m"": 0.104, ""mfe"": 195.6}, ""30s"": {""d"": 0.242, ""c"": 0.516, ""m"": 0.203, ""mfe"": 5270.6}, ""15s"": {""d"": 0.436, ""c"": 0.128, ""m"": 0.052, ""mfe"": 617.5}, ""5s"": {""d"": 0.342, ""c"": 0.316, ""m"": 0.131, ""mfe"": 195.6}, ""1s"": {""d"": 0.593, ""c"": 0.186, ""m"": 0.075, ""mfe"": 195.6}}"
1743625680,7,-2,MEGA_SHORT,SHORT,888.5,893.4607843137255,competed,gate0_r4_struct,"{""1h"": {""d"": 0.571, ""c"": 0.142, ""m"": 0.029, ""mfe"": 195.6}, ""30m"": {""d"": 0.571, ""c"": 0.143, ""m"": 0.031, ""mfe"": 195.6}, ""15m"": {""d"": 0.33, ""c"": 0.34, ""m"": 0.081, ""mfe"": 195.6}, ""5m"": {""d"": 0.254, ""c"": 0.493, ""m"": 0.14, ""mfe"": 195.6}, ""3m"": {""d"": 0.474, ""c"": 0.053, ""m"": 0.015, ""mfe"": 195.6}, ""1m"": {""d"": 0.649, ""c"": 0.298, ""m"": 0.098, ""mfe"": 195.6}, ""30s"": {""d"": 0.259, ""c"": 0.483, ""m"": 0.187, ""mfe"": 521.9}, ""15s"": {""d"": 0.331, ""c"": 0.338, ""m"": 0.141, ""mfe"": -508.5}, ""5s"": {""d"": 0.511, ""c"": 0.022, ""m"": 0.009, ""mfe"": 1382.6}, ""1s"": {""d"": 0.353, ""c"": 0.294, ""m"": 0.121, ""mfe"": 195.6}}"
1743625680,8,-2,MEGA_SHORT,SHORT,1150.5,893.4607843137251,competed,gate0_r4_struct,"{""1h"": {""d"": 0.571, ""c"": 0.142, ""m"": 0.029, ""mfe"": 195.6}, ""30m"": {""d"": 0.571, ""c"": 0.143, ""m"": 0.031, ""mfe"": 195.6}, ""15m"": {""d"": 0.33, ""c"": 0.34, ""m"": 0.081, ""mfe"": 195.6}, ""5m"": {""d"": 0.254, ""c"": 0.493, ""m"": 0.14, ""mfe"": 195.6}, ""3m"": {""d"": 0.474, ""c"": 0.053, ""m"": 0.015, ""mfe"": 195.6}, ""1m"": {""d"": 0.649, ""c"": 0.298, ""m"": 0.098, ""mfe"": 195.6}, ""30s"": {""d"": 0.259, ""c"": 0.483, ""m"": 0.187, ""mfe"": 521.9}, ""15s"": {""d"": 0.331, ""c"": 0.338, ""m"": 0.141, ""mfe"": -508.5}, ""5s"": {""d"": 0.511, ""c"": 0.022, ""m"": 0.009, ""mfe"": 1382.6}, ""1s"": {""d"": 0.353, ""c"": 0.294, ""m"": 0.121, ""mfe"": 195.6}}"
1743625680,9,-2,MEGA_SHORT,SHORT,862.5,893.4607843137253,competed,gate0_r4_struct,"{""1h"": {""d"": 0.571, ""c"": 0.142, ""m"": 0.029, ""mfe"": 195.6}, ""30m"": {""d"": 0.571, ""c"": 0.143, ""m"": 0.031, ""mfe"": 195.6}, ""15m"": {""d"": 0.33, ""c"": 0.34, ""m"": 0.081, ""mfe"": 195.6}, ""5m"": {""d"": 0.254, ""c"": 0.493, ""m"": 0.14, ""mfe"": 195.6}, ""3m"": {""d"": 0.474, ""c"": 0.053, ""m"": 0.015, ""mfe"": 195.6}, ""1m"": {""d"": 0.649, ""c"": 0.298, ""m"": 0.098, ""mfe"": 195.6}, ""30s"": {""d"": 0.259, ""c"": 0.483, ""m"": 0.187, ""mfe"": 521.9}, ""15s"": {""d"": 0.331, ""c"": 0.338, ""m"": 0.141, ""mfe"": -508.5}, ""5s"": {""d"": 0.511, ""c"": 0.022, ""m"": 0.009, ""mfe"": 1382.6}, ""1s"": {""d"": 0.353, ""c"": 0.294, ""m"": 0.121, ""mfe"": 195.6}}"
1743767700,5,-2,MEGA_SHORT,SHORT,3158.5,-1166.5285714285728,competed,gate0_r4_struct,"{""1h"": {""d"": 0.15, ""c"": 0.7, ""m"": 0.173, ""mfe"": -2522.0}, ""30m"": {""d"": 0.895, ""c"": 0.79, ""m"": 0.229, ""mfe"": 7007.7}, ""15m"": {""d"": 0.662, ""c"": 0.325, ""m"": 0.077, ""mfe"": 195.6}, ""5m"": {""d"": 0.609, ""c"": 0.217, ""m"": 0.057, ""mfe"": 195.6}, ""3m"": {""d"": 0.643, ""c"": 0.286, ""m"": 0.081, ""mfe"": 195.6}, ""1m"": {""d"": 0.65, ""c"": 0.3, ""m"": 0.099, ""mfe"": 195.6}, ""30s"": {""d"": 0.355, ""c"": 0.289, ""m"": 0.106, ""mfe"": 195.6}, ""15s"": {""d"": 0.662, ""c"": 0.325, ""m"": 0.135, ""mfe"": -1204.7}, ""5s"": {""d"": 0.619, ""c"": 0.237, ""m"": 0.097, ""mfe"": 195.6}, ""1s"": {""d"": 0.601, ""c"": 0.203, ""m"": 0.082, ""mfe"": 195.6}}"
1743976800,5,-1,SCALP_SHORT,SHORT,459.5,893.460784313725,competed,gate0_r4_nightmare,"{""1h"": {""d"": 0.449, ""c"": 0.102, ""m"": 0.02, ""mfe"": 195.6}, ""30m"": {""d"": 0.452, ""c"": 0.096, ""m"": 0.021, ""mfe"": 195.6}, ""15m"": {""d"": 0.429, ""c"": 0.142, ""m"": 0.033, ""mfe"": -2871.9}, ""5m"": {""d"": 0.332, ""c"": 0.336, ""m"": 0.091, ""mfe"": 195.6}, ""3m"": {""d"": 0.39, ""c"": 0.221, ""m"": 0.062, ""mfe"": -3104.1}, ""1m"": {""d"": 0.773, ""c"": 0.547, ""m"": 0.196, ""mfe"": 8157.9}, ""30s"": {""d"": 0.601, ""c"": 0.201, ""m"": 0.072, ""mfe"": 195.6}, ""15s"": {""d"": 0.534, ""c"": 0.068, ""m"": 0.027, ""mfe"": 889.0}, ""5s"": {""d"": 0.612, ""c"": 0.224, ""m"": 0.091, ""mfe"": 195.6}, ""1s"": {""d"": 0.418, ""c"": 0.163, ""m"": 0.066, ""mfe"": -2843.0}}"
1743976800,5,-1,SCALP_SHORT,SHORT,459.5,893.460784313725,competed,gate0_r4_struct,"{""1h"": {""d"": 0.449, ""c"": 0.102, ""m"": 0.02, ""mfe"": 195.6}, ""30m"": {""d"": 0.452, ""c"": 0.096, ""m"": 0.021, ""mfe"": 195.6}, ""15m"": {""d"": 0.429, ""c"": 0.142, ""m"": 0.033, ""mfe"": -2871.9}, ""5m"": {""d"": 0.332, ""c"": 0.336, ""m"": 0.091, ""mfe"": 195.6}, ""3m"": {""d"": 0.39, ""c"": 0.221, ""m"": 0.062, ""mfe"": -3104.1}, ""1m"": {""d"": 0.773, ""c"": 0.547, ""m"": 0.196, ""mfe"": 8157.9}, ""30s"": {""d"": 0.601, ""c"": 0.201, ""m"": 0.072, ""mfe"": 195.6}, ""15s"": {""d"": 0.534, ""c"": 0.068, ""m"": 0.027, ""mfe"": 889.0}, ""5s"": {""d"": 0.612, ""c"": 0.224, ""m"": 0.091, ""mfe"": 195.6}, ""1s"": {""d"": 0.418, ""c"": 0.163, ""m"": 0.066, ""mfe"": -2843.0}}"
1743976800,6,2,MEGA_LONG,LONG,777.5,893.460784313725,competed,gate0_r4_nightmare,"{""1h"": {""d"": 0.449, ""c"": 0.102, ""m"": 0.02, ""mfe"": 195.6}, ""30m"": {""d"": 0.452, ""c"": 0.096, ""m"": 0.021, ""mfe"": 195.6}, ""15m"": {""d"": 0.429, ""c"": 0.142, ""m"": 0.033, ""mfe"": -2871.9}, ""5m"": {""d"": 0.332, ""c"": 0.336, ""m"": 0.091, ""mfe"": 195.6}, ""3m"": {""d"": 0.39, ""c"": 0.221, ""m"": 0.062, ""mfe"": -3104.1}, ""1m"": {""d"": 0.773, ""c"": 0.547, ""m"": 0.196, ""mfe"": 8157.9}, ""30s"": {""d"": 0.601, ""c"": 0.201, ""m"": 0.072, ""mfe"": 195.6}, ""15s"": {""d"": 0.534, ""c"": 0.068, ""m"": 0.027, ""mfe"": 889.0}, ""5s"": {""d"": 0.612, ""c"": 0.224, ""m"": 0.091, ""mfe"": 195.6}, ""1s"": {""d"": 0.418, ""c"": 0.163, ""m"": 0.066, ""mfe"": -2843.0}}"
1743976800,6,2,MEGA_LONG,LONG,777.5,893.460784313725,competed,gate0_r4_struct,"{""1h"": {""d"": 0.449, ""c"": 0.102, ""m"": 0.02, ""mfe"": 195.6}, ""30m"": {""d"": 0.452, ""c"": 0.096, ""m"": 0.021, ""mfe"": 195.6}, ""15m"": {""d"": 0.429, ""c"": 0.142, ""m"": 0.033, ""mfe"": -2871.9}, ""5m"": {""d"": 0.332, ""c"": 0.336, ""m"": 0.091, ""mfe"": 195.6}, ""3m"": {""d"": 0.39, ""c"": 0.221, ""m"": 0.062, ""mfe"": -3104.1}, ""1m"": {""d"": 0.773, ""c"": 0.547, ""m"": 0.196, ""mfe"": 8157.9}, ""30s"": {""d"": 0.601, ""c"": 0.201, ""m"": 0.072, ""mfe"": 195.6}, ""15s"": {""d"": 0.534, ""c"": 0.068, ""m"": 0.027, ""mfe"": 889.0}, ""5s"": {""d"": 0.612, ""c"": 0.224, ""m"": 0.091, ""mfe"": 195.6}, ""1s"": {""d"": 0.418, ""c"": 0.163, ""m"": 0.066, ""mfe"": -2843.0}}"
1743976800,10,-2,MEGA_SHORT,SHORT,826.0,893.4607843137255,competed,gate0_r4_nightmare,"{""1h"": {""d"": 0.449, ""c"": 0.102, ""m"": 0.02, ""mfe"": 195.6}, ""30m"": {""d"": 0.452, ""c"": 0.096, ""m"": 0.021, ""mfe"": 195.6}, ""15m"": {""d"": 0.429, ""c"": 0.142, ""m"": 0.033, ""mfe"": -2871.9}, ""5m"": {""d"": 0.332, ""c"": 0.336, ""m"": 0.091, ""mfe"": 195.6}, ""3m"": {""d"": 0.39, ""c"": 0.221, ""m"": 0.062, ""mfe"": -3104.1}, ""1m"": {""d"": 0.773, ""c"": 0.547, ""m"": 0.196, ""mfe"": 8157.9}, ""30s"": {""d"": 0.601, ""c"": 0.201, ""m"": 0.072, ""mfe"": 195.6}, ""15s"": {""d"": 0.534, ""c"": 0.068, ""m"": 0.027, ""mfe"": 889.0}, ""5s"": {""d"": 0.612, ""c"": 0.224, ""m"": 0.091, ""mfe"": 195.6}, ""1s"": {""d"": 0.418, ""c"": 0.163, ""m"": 0.066, ""mfe"": -2843.0}}"
1743976800,10,-2,MEGA_SHORT,SHORT,826.0,893.4607843137255,competed,gate0_r4_struct,"{""1h"": {""d"": 0.449, ""c"": 0.102, ""m"": 0.02, ""mfe"": 195.6}, ""30m"": {""d"": 0.452, ""c"": 0.096, ""m"": 0.021, ""mfe"": 195.6}, ""15m"": {""d"": 0.429, ""c"": 0.142, ""m"": 0.033, ""mfe"": -2871.9}, ""5m"": {""d"": 0.332, ""c"": 0.336, ""m"": 0.091, ""mfe"": 195.6}, ""3m"": {""d"": 0.39, ""c"": 0.221, ""m"": 0.062, ""mfe"": -3104.1}, ""1m"": {""d"": 0.773, ""c"": 0.547, ""m"": 0.196, ""mfe"": 8157.9}, ""30s"": {""d"": 0.601, ""c"": 0.201, ""m"": 0.072, ""mfe"": 195.6}, ""15s"": {""d"": 0.534, ""c"": 0.068, ""m"": 0.027, ""mfe"": 889.0}, ""5s"": {""d"": 0.612, ""c"": 0.224, ""m"": 0.091, ""mfe"": 195.6}, ""1s"": {""d"": 0.418, ""c"": 0.163, ""m"": 0.066, ""mfe"": -2843.0}}"
1743976800,11,-2,MEGA_SHORT,SHORT,1010.0,893.4607843137255,competed,gate0_r4_nightmare,"{""1h"": {""d"": 0.449, ""c"": 0.102, ""m"": 0.02, ""mfe"": 195.6}, ""30m"": {""d"": 0.452, ""c"": 0.096, ""m"": 0.021, ""mfe"": 195.6}, ""15m"": {""d"": 0.429, ""c"": 0.142, ""m"": 0.033, ""mfe"": -2871.9}, ""5m"": {""d"": 0.332, ""c"": 0.336, ""m"": 0.091, ""mfe"": 195.6}, ""3m"": {""d"": 0.39, ""c"": 0.221, ""m"": 0.062, ""mfe"": -3104.1}, ""1m"": {""d"": 0.773, ""c"": 0.547, ""m"": 0.196, ""mfe"": 8157.9}, ""30s"": {""d"": 0.601, ""c"": 0.201, ""m"": 0.072, ""mfe"": 195.6}, ""15s"": {""d"": 0.534, ""c"": 0.068, ""m"": 0.027, ""mfe"": 889.0}, ""5s"": {""d"": 0.612, ""c"": 0.224, ""m"": 0.091, ""mfe"": 195.6}, ""1s"": {""d"": 0.418, ""c"": 0.163, ""m"": 0.066, ""mfe"": -2843.0}}"
1743976800,11,-2,MEGA_SHORT,SHORT,1010.0,893.4607843137255,competed,gate0_r4_struct,"{""1h"": {""d"": 0.449, ""c"": 0.102, ""m"": 0.02, ""mfe"": 195.6}, ""30m"": {""d"": 0.452, ""c"": 0.096, ""m"": 0.021, ""mfe"": 195.6}, ""15m"": {""d"": 0.429, ""c"": 0.142, ""m"": 0.033, ""mfe"": -2871.9}, ""5m"": {""d"": 0.332, ""c"": 0.336, ""m"": 0.091, ""mfe"": 195.6}, ""3m"": {""d"": 0.39, ""c"": 0.221, ""m"": 0.062, ""mfe"": -3104.1}, ""1m"": {""d"": 0.773, ""c"": 0.547, ""m"": 0.196, ""mfe"": 8157.9}, ""30s"": {""d"": 0.601, ""c"": 0.201, ""m"": 0.072, ""mfe"": 195.6}, ""15s"": {""d"": 0.534, ""c"": 0.068, ""m"": 0.027, ""mfe"": 889.0}, ""5s"": {""d"": 0.612, ""c"": 0.224, ""m"": 0.091, ""mfe"": 195.6}, ""1s"": {""d"": 0.418, ""c"": 0.163, ""m"": 0.066, ""mfe"": -2843.0}}"
1743976800,12,-2,MEGA_SHORT,SHORT,1010.0,893.4607843137255,competed,gate0_r4_nightmare,"{""1h"": {""d"": 0.449, ""c"": 0.102, ""m"": 0.02, ""mfe"": 195.6}, ""30m"": {""d"": 0.452, ""c"": 0.096, ""m"": 0.021, ""mfe"": 195.6}, ""15m"": {""d"": 0.429, ""c"": 0.142, ""m"": 0.033, ""mfe"": -2871.9}, ""5m"": {""d"": 0.332, ""c"": 0.336, ""m"": 0.091, ""mfe"": 195.6}, ""3m"": {""d"": 0.39, ""c"": 0.221, ""m"": 0.062, ""mfe"": -3104.1}, ""1m"": {""d"": 0.773, ""c"": 0.547, ""m"": 0.196, ""mfe"": 8157.9}, ""30s"": {""d"": 0.601, ""c"": 0.201, ""m"": 0.072, ""mfe"": 195.6}, ""15s"": {""d"": 0.534, ""c"": 0.068, ""m"": 0.027, ""mfe"": 889.0}, ""5s"": {""d"": 0.612, ""c"": 0.224, ""m"": 0.091, ""mfe"": 195.6}, ""1s"": {""d"": 0.418, ""c"": 0.163, ""m"": 0.066, ""mfe"": -2843.0}}"
1743976800,12,-2,MEGA_SHORT,SHORT,1010.0,893.4607843137255,competed,gate0_r4_struct,"{""1h"": {""d"": 0.449, ""c"": 0.102, ""m"": 0.02, ""mfe"": 195.6}, ""30m"": {""d"": 0.452, ""c"": 0.096, ""m"": 0.021, ""mfe"": 195.6}, ""15m"": {""d"": 0.429, ""c"": 0.142, ""m"": 0.033, ""mfe"": -2871.9}, ""5m"": {""d"": 0.332, ""c"": 0.336, ""m"": 0.091, ""mfe"": 195.6}, ""3m"": {""d"": 0.39, ""c"": 0.221, ""m"": 0.062, ""mfe"": -3104.1}, ""1m"": {""d"": 0.773, ""c"": 0.547, ""m"": 0.196, ""mfe"": 8157.9}, ""30s"": {""d"": 0.601, ""c"": 0.201, ""m"": 0.072, ""mfe"": 195.6}, ""15s"": {""d"": 0.534, ""c"": 0.068, ""m"": 0.027, ""mfe"": 889.0}, ""5s"": {""d"": 0.612, ""c"": 0.224, ""m"": 0.091, ""mfe"": 195.6}, ""1s"": {""d"": 0.418, ""c"": 0.163, ""m"": 0.066, ""mfe"": -2843.0}}"
1743976800,12,-2,MEGA_SHORT,SHORT,1010.0,893.4607843137255,competed,gate0_r4_nightmare,"{""1h"": {""d"": 0.449, ""c"": 0.102, ""m"": 0.02, ""mfe"": 195.6}, ""30m"": {""d"": 0.452, ""c"": 0.096, ""m"": 0.021, ""mfe"": 195.6}, ""15m"": {""d"": 0.429, ""c"": 0.142, ""m"": 0.033, ""mfe"": -2871.9}, ""5m"": {""d"": 0.332, ""c"": 0.336, ""m"": 0.091, ""mfe"": 195.6}, ""3m"": {""d"": 0.39, ""c"": 0.221, ""m"": 0.062, ""mfe"": -3104.1}, ""1m"": {""d"": 0.773, ""c"": 0.547, ""m"": 0.196, ""mfe"": 8157.9}, ""30s"": {""d"": 0.601, ""c"": 0.201, ""m"": 0.072, ""mfe"": 195.6}, ""15s"": {""d"": 0.534, ""c"": 0.068, ""m"": 0.027, ""mfe"": 889.0}, ""5s"": {""d"": 0.612, ""c"": 0.224, ""m"": 0.091, ""mfe"": 195.6}, ""1s"": {""d"": 0.418, ""c"": 0.163, ""m"": 0.066, ""mfe"": -2843.0}}"
1743976800,12,-2,MEGA_SHORT,SHORT,1010.0,893.4607843137255,competed,gate0_r4_struct,"{""1h"": {""d"": 0.449, ""c"": 0.102, ""m"": 0.02, ""mfe"": 195.6}, ""30m"": {""d"": 0.452, ""c"": 0.096, ""m"": 0.021, ""mfe"": 195.6}, ""15m"": {""d"": 0.429, ""c"": 0.142, ""m"": 0.033, ""mfe"": -2871.9}, ""5m"": {""d"": 0.332, ""c"": 0.336, ""m"": 0.091, ""mfe"": 195.6}, ""3m"": {""d"": 0.39, ""c"": 0.221, ""m"": 0.062, ""mfe"": -3104.1}, ""1m"": {""d"": 0.773, ""c"": 0.547, ""m"": 0.196, ""mfe"": 8157.9}, ""30s"": {""d"": 0.601, ""c"": 0.201, ""m"": 0.072, ""mfe"": 195.6}, ""15s"": {""d"": 0.534, ""c"": 0.068, ""m"": 0.027, ""mfe"": 889.0}, ""5s"": {""d"": 0.612, ""c"": 0.224, ""m"": 0.091, ""mfe"": 195.6}, ""1s"": {""d"": 0.418, ""c"": 0.163, ""m"": 0.066, ""mfe"": -2843.0}}"
1743976800,11,-2,MEGA_SHORT,SHORT,916.0,893.4607843137255,competed,gate0_r4_struct,"{""1h"": {""d"": 0.449, ""c"": 0.102, ""m"": 0.02, ""mfe"": 195.6}, ""30m"": {""d"": 0.452, ""c"": 0.096, ""m"": 0.021, ""mfe"": 195.6}, ""15m"": {""d"": 0.429, ""c"": 0.142, ""m"": 0.033, ""mfe"": -2871.9}, ""5m"": {""d"": 0.332, ""c"": 0.336, ""m"": 0.091, ""mfe"": 195.6}, ""3m"": {""d"": 0.39, ""c"": 0.221, ""m"": 0.062, ""mfe"": -3104.1}, ""1m"": {""d"": 0.773, ""c"": 0.547, ""m"": 0.196, ""mfe"": 8157.9}, ""30s"": {""d"": 0.601, ""c"": 0.201, ""m"": 0.072, ""mfe"": 195.6}, ""15s"": {""d"": 0.534, ""c"": 0.068, ""m"": 0.027, ""mfe"": 889.0}, ""5s"": {""d"": 0.612, ""c"": 0.224, ""m"": 0.091, ""mfe"": 195.6}, ""1s"": {""d"": 0.418, ""c"": 0.163, ""m"": 0.066, ""mfe"": -2843.0}}"
1743976800,12,-2,MEGA_SHORT,SHORT,916.0,893.4607843137255,competed,gate0_r4_struct,"{""1h"": {""d"": 0.449, ""c"": 0.102, ""m"": 0.02, ""mfe"": 195.6}, ""30m"": {""d"": 0.452, ""c"": 0.096, ""m"": 0.021, ""mfe"": 195.6}, ""15m"": {""d"": 0.429, ""c"": 0.142, ""m"": 0.033, ""mfe"": -2871.9}, ""5m"": {""d"": 0.332, ""c"": 0.336, ""m"": 0.091, ""mfe"": 195.6}, ""3m"": {""d"": 0.39, ""c"": 0.221, ""m"": 0.062, ""mfe"": -3104.1}, ""1m"": {""d"": 0.773, ""c"": 0.547, ""m"": 0.196, ""mfe"": 8157.9}, ""30s"": {""d"": 0.601, ""c"": 0.201, ""m"": 0.072, ""mfe"": 195.6}, ""15s"": {""d"": 0.534, ""c"": 0.068, ""m"": 0.027, ""mfe"": 889.0}, ""5s"": {""d"": 0.612, ""c"": 0.224, ""m"": 0.091, ""mfe"": 195.6}, ""1s"": {""d"": 0.418, ""c"": 0.163, ""m"": 0.066, ""mfe"": -2843.0}}"
1743976800,12,-2,MEGA_SHORT,SHORT,916.0,893.4607843137255,competed,gate0_r4_struct,"{""1h"": {""d"": 0.449, ""c"": 0.102, ""m"": 0.02, ""mfe"": 195.6}, ""30m"": {""d"": 0.452, ""c"": 0.096, ""m"": 0.021, ""mfe"": 195.6}, ""15m"": {""d"": 0.429, ""c"": 0.142, ""m"": 0.033, ""mfe"": -2871.9}, ""5m"": {""d"": 0.332, ""c"": 0.336, ""m"": 0.091, ""mfe"": 195.6}, ""3m"": {""d"": 0.39, ""c"": 0.221, ""m"": 0.062, ""mfe"": -3104.1}, ""1m"": {""d"": 0.773, ""c"": 0.547, ""m"": 0.196, ""mfe"": 8157.9}, ""30s"": {""d"": 0.601, ""c"": 0.201, ""m"": 0.072, ""mfe"": 195.6}, ""15s"": {""d"": 0.534, ""c"": 0.068, ""m"": 0.027, ""mfe"": 889.0}, ""5s"": {""d"": 0.612, ""c"": 0.224, ""m"": 0.091, ""mfe"": 195.6}, ""1s"": {""d"": 0.418, ""c"": 0.163, ""m"": 0.066, ""mfe"": -2843.0}}"
1743976800,5,-1,SCALP_SHORT,SHORT,459.5,893.460784313725,competed,gate0_r4_nightmare,"{""1h"": {""d"": 0.449, ""c"": 0.102, ""m"": 0.02, ""mfe"": 195.6}, ""30m"": {""d"": 0.452, ""c"": 0.096, ""m"": 0.021, ""mfe"": 195.6}, ""15m"": {""d"": 0.429, ""c"": 0.142, ""m"": 0.033, ""mfe"": -2871.9}, ""5m"": {""d"": 0.332, ""c"": 0.336, ""m"": 0.091, ""mfe"": 195.6}, ""3m"": {""d"": 0.39, ""c"": 0.221, ""m"": 0.062, ""mfe"": -3104.1}, ""1m"": {""d"": 0.773, ""c"": 0.547, ""m"": 0.196, ""mfe"": 8157.9}, ""30s"": {""d"": 0.646, ""c"": 0.291, ""m"": 0.107, ""mfe"": 195.6}, ""15s"": {""d"": 0.607, ""c"": 0.215, ""m"": 0.087, ""mfe"": -761.5}, ""5s"": {""d"": 0.678, ""c"": 0.356, ""m"": 0.149, ""mfe"": 195.6}, ""1s"": {""d"": 0.426, ""c"": 0.149, ""m"": 0.06, ""mfe"": 1476.8}}"
1743976800,5,-1,SCALP_SHORT,SHORT,459.5,893.460784313725,competed,gate0_r4_struct,"{""1h"": {""d"": 0.449, ""c"": 0.102, ""m"": 0.02, ""mfe"": 195.6}, ""30m"": {""d"": 0.452, ""c"": 0.096, ""m"": 0.021, ""mfe"": 195.6}, ""15m"": {""d"": 0.429, ""c"": 0.142, ""m"": 0.033, ""mfe"": -2871.9}, ""5m"": {""d"": 0.332, ""c"": 0.336, ""m"": 0.091, ""mfe"": 195.6}, ""3m"": {""d"": 0.39, ""c"": 0.221, ""m"": 0.062, ""mfe"": -3104.1}, ""1m"": {""d"": 0.773, ""c"": 0.547, ""m"": 0.196, ""mfe"": 8157.9}, ""30s"": {""d"": 0.646, ""c"": 0.291, ""m"": 0.107, ""mfe"": 195.6}, ""15s"": {""d"": 0.607, ""c"": 0.215, ""m"": 0.087, ""mfe"": -761.5}, ""5s"": {""d"": 0.678, ""c"": 0.356, ""m"": 0.149, ""mfe"": 195.6}, ""1s"": {""d"": 0.426, ""c"": 0.149, ""m"": 0.06, ""mfe"": 1476.8}}"
1743976800,6,2,MEGA_LONG,LONG,777.5,893.460784313725,competed,gate0_r4_nightmare,"{""1h"": {""d"": 0.449, ""c"": 0.102, ""m"": 0.02, ""mfe"": 195.6}, ""30m"": {""d"": 0.452, ""c"": 0.096, ""m"": 0.021, ""mfe"": 195.6}, ""15m"": {""d"": 0.429, ""c"": 0.142, ""m"": 0.033, ""mfe"": -2871.9}, ""5m"": {""d"": 0.332, ""c"": 0.336, ""m"": 0.091, ""mfe"": 195.6}, ""3m"": {""d"": 0.39, ""c"": 0.221, ""m"": 0.062, ""mfe"": -3104.1}, ""1m"": {""d"": 0.773, ""c"": 0.547, ""m"": 0.196, ""mfe"": 8157.9}, ""30s"": {""d"": 0.646, ""c"": 0.291, ""m"": 0.107, ""mfe"": 195.6}, ""15s"": {""d"": 0.607, ""c"": 0.215, ""m"": 0.087, ""mfe"": -761.5}, ""5s"": {""d"": 0.678, ""c"": 0.356, ""m"": 0.149, ""mfe"": 195.6}, ""1s"": {""d"": 0.426, ""c"": 0.149, ""m"": 0.06, ""mfe"": 1476.8}}"
1743976800,6,2,MEGA_LONG,LONG,777.5,893.460784313725,competed,gate0_r4_struct,"{""1h"": {""d"": 0.449, ""c"": 0.102, ""m"": 0.02, ""mfe"": 195.6}, ""30m"": {""d"": 0.452, ""c"": 0.096, ""m"": 0.021, ""mfe"": 195.6}, ""15m"": {""d"": 0.429, ""c"": 0.142, ""m"": 0.033, ""mfe"": -2871.9}, ""5m"": {""d"": 0.332, ""c"": 0.336, ""m"": 0.091, ""mfe"": 195.6}, ""3m"": {""d"": 0.39, ""c"": 0.221, ""m"": 0.062, ""mfe"": -3104.1}, ""1m"": {""d"": 0.773, ""c"": 0.547, ""m"": 0.196, ""mfe"": 8157.9}, ""30s"": {""d"": 0.646, ""c"": 0.291, ""m"": 0.107, ""mfe"": 195.6}, ""15s"": {""d"": 0.607, ""c"": 0.215, ""m"": 0.087, ""mfe"": -761.5}, ""5s"": {""d"": 0.678, ""c"": 0.356, ""m"": 0.149, ""mfe"": 195.6}, ""1s"": {""d"": 0.426, ""c"": 0.149, ""m"": 0.06, ""mfe"": 1476.8}}"
1743976800,10,-2,MEGA_SHORT,SHORT,826.0,893.4607843137255,competed,gate0_r4_nightmare,"{""1h"": {""d"": 0.449, ""c"": 0.102, ""m"": 0.02, ""mfe"": 195.6}, ""30m"": {""d"": 0.452, ""c"": 0.096, ""m"": 0.021, ""mfe"": 195.6}, ""15m"": {""d"": 0.429, ""c"": 0.142, ""m"": 0.033, ""mfe"": -2871.9}, ""5m"": {""d"": 0.332, ""c"": 0.336, ""m"": 0.091, ""mfe"": 195.6}, ""3m"": {""d"": 0.39, ""c"": 0.221, ""m"": 0.062, ""mfe"": -3104.1}, ""1m"": {""d"": 0.773, ""c"": 0.547, ""m"": 0.196, ""mfe"": 8157.9}, ""30s"": {""d"": 0.646, ""c"": 0.291, ""m"": 0.107, ""mfe"": 195.6}, ""15s"": {""d"": 0.607, ""c"": 0.215, ""m"": 0.087, ""mfe"": -761.5}, ""5s"": {""d"": 0.678, ""c"": 0.356, ""m"": 0.149, ""mfe"": 195.6}, ""1s"": {""d"": 0.426, ""c"": 0.149, ""m"": 0.06, ""mfe"": 1476.8}}"
1743976800,10,-2,MEGA_SHORT,SHORT,826.0,893.4607843137255,competed,gate0_r4_struct,"{""1h"": {""d"": 0.449, ""c"": 0.102, ""m"": 0.02, ""mfe"": 195.6}, ""30m"": {""d"": 0.452, ""c"": 0.096, ""m"": 0.021, ""mfe"": 195.6}, ""15m"": {""d"": 0.429, ""c"": 0.142, ""m"": 0.033, ""mfe"": -2871.9}, ""5m"": {""d"": 0.332, ""c"": 0.336, ""m"": 0.091, ""mfe"": 195.6}, ""3m"": {""d"": 0.39, ""c"": 0.221, ""m"": 0.062, ""mfe"": -3104.1}, ""1m"": {""d"": 0.773, ""c"": 0.547, ""m"": 0.196, ""mfe"": 8157.9}, ""30s"": {""d"": 0.646, ""c"": 0.291, ""m"": 0.107, ""mfe"": 195.6}, ""15s"": {""d"": 0.607, ""c"": 0.215, ""m"": 0.087, ""mfe"": -761.5}, ""5s"": {""d"": 0.678, ""c"": 0.356, ""m"": 0.149, ""mfe"": 195.6}, ""1s"": {""d"": 0.426, ""c"": 0.149, ""m"": 0.06, ""mfe"": 1476.8}}"
1743976800,11,-2,MEGA_SHORT,SHORT,1010.0,893.4607843137255,competed,gate0_r4_nightmare,"{""1h"": {""d"": 0.449, ""c"": 0.102, ""m"": 0.02, ""mfe"": 195.6}, ""30m"": {""d"": 0.452, ""c"": 0.096, ""m"": 0.021, ""mfe"": 195.6}, ""15m"": {""d"": 0.429, ""c"": 0.142, ""m"": 0.033, ""mfe"": -2871.9}, ""5m"": {""d"": 0.332, ""c"": 0.336, ""m"": 0.091, ""mfe"": 195.6}, ""3m"": {""d"": 0.39, ""c"": 0.221, ""m"": 0.062, ""mfe"": -3104.1}, ""1m"": {""d"": 0.773, ""c"": 0.547, ""m"": 0.196, ""mfe"": 8157.9}, ""30s"": {""d"": 0.646, ""c"": 0.291, ""m"": 0.107, ""mfe"": 195.6}, ""15s"": {""d"": 0.607, ""c"": 0.215, ""m"": 0.087, ""mfe"": -761.5}, ""5s"": {""d"": 0.678, ""c"": 0.356, ""m"": 0.149, ""mfe"": 195.6}, ""1s"": {""d"": 0.426, ""c"": 0.149, ""m"": 0.06, ""mfe"": 1476.8}}"
1743976800,11,-2,MEGA_SHORT,SHORT,1010.0,893.4607843137255,competed,gate0_r4_struct,"{""1h"": {""d"": 0.449, ""c"": 0.102, ""m"": 0.02, ""mfe"": 195.6}, ""30m"": {""d"": 0.452, ""c"": 0.096, ""m"": 0.021, ""mfe"": 195.6}, ""15m"": {""d"": 0.429, ""c"": 0.142, ""m"": 0.033, ""mfe"": -2871.9}, ""5m"": {""d"": 0.332, ""c"": 0.336, ""m"": 0.091, ""mfe"": 195.6}, ""3m"": {""d"": 0.39, ""c"": 0.221, ""m"": 0.062, ""mfe"": -3104.1}, ""1m"": {""d"": 0.773, ""c"": 0.547, ""m"": 0.196, ""mfe"": 8157.9}, ""30s"": {""d"": 0.646, ""c"": 0.291, ""m"": 0.107, ""mfe"": 195.6}, ""15s"": {""d"": 0.607, ""c"": 0.215, ""m"": 0.087, ""mfe"": -761.5}, ""5s"": {""d"": 0.678, ""c"": 0.356, ""m"": 0.149, ""mfe"": 195.6}, ""1s"": {""d"": 0.426, ""c"": 0.149, ""m"": 0.06, ""mfe"": 1476.8}}"
1743976800,12,-2,MEGA_SHORT,SHORT,1010.0,893.4607843137255,competed,gate0_r4_nightmare,"{""1h"": {""d"": 0.449, ""c"": 0.102, ""m"": 0.02, ""mfe"": 195.6}, ""30m"": {""d"": 0.452, ""c"": 0.096, ""m"": 0.021, ""mfe"": 195.6}, ""15m"": {""d"": 0.429, ""c"": 0.142, ""m"": 0.033, ""mfe"": -2871.9}, ""5m"": {""d"": 0.332, ""c"": 0.336, ""m"": 0.091, ""mfe"": 195.6}, ""3m"": {""d"": 0.39, ""c"": 0.221, ""m"": 0.062, ""mfe"": -3104.1}, ""1m"": {""d"": 0.773, ""c"": 0.547, ""m"": 0.196, ""mfe"": 8157.9}, ""30s"": {""d"": 0.646, ""c"": 0.291, ""m"": 0.107, ""mfe"": 195.6}, ""15s"": {""d"": 0.607, ""c"": 0.215, ""m"": 0.087, ""mfe"": -761.5}, ""5s"": {""d"": 0.678, ""c"": 0.356, ""m"": 0.149, ""mfe"": 195.6}, ""1s"": {""d"": 0.426, ""c"": 0.149, ""m"": 0.06, ""mfe"": 1476.8}}"
1743976800,12,-2,MEGA_SHORT,SHORT,1010.0,893.4607843137255,competed,gate0_r4_struct,"{""1h"": {""d"": 0.449, ""c"": 0.102, ""m"": 0.02, ""mfe"": 195.6}, ""30m"": {""d"": 0.452, ""c"": 0.096, ""m"": 0.021, ""mfe"": 195.6}, ""15m"": {""d"": 0.429, ""c"": 0.142, ""m"": 0.033, ""mfe"": -2871.9}, ""5m"": {""d"": 0.332, ""c"": 0.336, ""m"": 0.091, ""mfe"": 195.6}, ""3m"": {""d"": 0.39, ""c"": 0.221, ""m"": 0.062, ""mfe"": -3104.1}, ""1m"": {""d"": 0.773, ""c"": 0.547, ""m"": 0.196, ""mfe"": 8157.9}, ""30s"": {""d"": 0.646, ""c"": 0.291, ""m"": 0.107, ""mfe"": 195.6}, ""15s"": {""d"": 0.607, ""c"": 0.215, ""m"": 0.087, ""mfe"": -761.5}, ""5s"": {""d"": 0.678, ""c"": 0.356, ""m"": 0.149, ""mfe"": 195.6}, ""1s"": {""d"": 0.426, ""c"": 0.149, ""m"": 0.06, ""mfe"": 1476.8}}"
1743976800,12,-2,MEGA_SHORT,SHORT,1010.0,893.4607843137255,competed,gate0_r4_nightmare,"{""1h"": {""d"": 0.449, ""c"": 0.102, ""m"": 0.02, ""mfe"": 195.6}, ""30m"": {""d"": 0.452, ""c"": 0.096, ""m"": 0.021, ""mfe"": 195.6}, ""15m"": {""d"": 0.429, ""c"": 0.142, ""m"": 0.033, ""mfe"": -2871.9}, ""5m"": {""d"": 0.332, ""c"": 0.336, ""m"": 0.091, ""mfe"": 195.6}, ""3m"": {""d"": 0.39, ""c"": 0.221, ""m"": 0.062, ""mfe"": -3104.1}, ""1m"": {""d"": 0.773, ""c"": 0.547, ""m"": 0.196, ""mfe"": 8157.9}, ""30s"": {""d"": 0.646, ""c"": 0.291, ""m"": 0.107, ""mfe"": 195.6}, ""15s"": {""d"": 0.607, ""c"": 0.215, ""m"": 0.087, ""mfe"": -761.5}, ""5s"": {""d"": 0.678, ""c"": 0.356, ""m"": 0.149, ""mfe"": 195.6}, ""1s"": {""d"": 0.426, ""c"": 0.149, ""m"": 0.06, ""mfe"": 1476.8}}"
1743976800,12,-2,MEGA_SHORT,SHORT,1010.0,893.4607843137255,competed,gate0_r4_struct,"{""1h"": {""d"": 0.449, ""c"": 0.102, ""m"": 0.02, ""mfe"": 195.6}, ""30m"": {""d"": 0.452, ""c"": 0.096, ""m"": 0.021, ""mfe"": 195.6}, ""15m"": {""d"": 0.429, ""c"": 0.142, ""m"": 0.033, ""mfe"": -2871.9}, ""5m"": {""d"": 0.332, ""c"": 0.336, ""m"": 0.091, ""mfe"": 195.6}, ""3m"": {""d"": 0.39, ""c"": 0.221, ""m"": 0.062, ""mfe"": -3104.1}, ""1m"": {""d"": 0.773, ""c"": 0.547, ""m"": 0.196, ""mfe"": 8157.9}, ""30s"": {""d"": 0.646, ""c"": 0.291, ""m"": 0.107, ""mfe"": 195.6}, ""15s"": {""d"": 0.607, ""c"": 0.215, ""m"": 0.087, ""mfe"": -761.5}, ""5s"": {""d"": 0.678, ""c"": 0.356, ""m"": 0.149, ""mfe"": 195.6}, ""1s"": {""d"": 0.426, ""c"": 0.149, ""m"": 0.06, ""mfe"": 1476.8}}"
1743976800,11,-2,MEGA_SHORT,SHORT,916.0,893.4607843137255,competed,gate0_r4_struct,"{""1h"": {""d"": 0.449, ""c"": 0.102, ""m"": 0.02, ""mfe"": 195.6}, ""30m"": {""d"": 0.452, ""c"": 0.096, ""m"": 0.021, ""mfe"": 195.6}, ""15m"": {""d"": 0.429, ""c"": 0.142, ""m"": 0.033, ""mfe"": -2871.9}, ""5m"": {""d"": 0.332, ""c"": 0.336, ""m"": 0.091, ""mfe"": 195.6}, ""3m"": {""d"": 0.39, ""c"": 0.221, ""m"": 0.062, ""mfe"": -3104.1}, ""1m"": {""d"": 0.773, ""c"": 0.547, ""m"": 0.196, ""mfe"": 8157.9}, ""30s"": {""d"": 0.646, ""c"": 0.291, ""m"": 0.107, ""mfe"": 195.6}, ""15s"": {""d"": 0.607, ""c"": 0.215, ""m"": 0.087, ""mfe"": -761.5}, ""5s"": {""d"": 0.678, ""c"": 0.356, ""m"": 0.149, ""mfe"": 195.6}, ""1s"": {""d"": 0.426, ""c"": 0.149, ""m"": 0.06, ""mfe"": 1476.8}}"
1743976800,12,-2,MEGA_SHORT,SHORT,916.0,893.4607843137255,competed,gate0_r4_struct,"{""1h"": {""d"": 0.449, ""c"": 0.102, ""m"": 0.02, ""mfe"": 195.6}, ""30m"": {""d"": 0.452, ""c"": 0.096, ""m"": 0.021, ""mfe"": 195.6}, ""15m"": {""d"": 0.429, ""c"": 0.142, ""m"": 0.033, ""mfe"": -2871.9}, ""5m"": {""d"": 0.332, ""c"": 0.336, ""m"": 0.091, ""mfe"": 195.6}, ""3m"": {""d"": 0.39, ""c"": 0.221, ""m"": 0.062, ""mfe"": -3104.1}, ""1m"": {""d"": 0.773, ""c"": 0.547, ""m"": 0.196, ""mfe"": 8157.9}, ""30s"": {""d"": 0.646, ""c"": 0.291, ""m"": 0.107, ""mfe"": 195.6}, ""15s"": {""d"": 0.607, ""c"": 0.215, ""m"": 0.087, ""mfe"": -761.5}, ""5s"": {""d"": 0.678, ""c"": 0.356, ""m"": 0.149, ""mfe"": 195.6}, ""1s"": {""d"": 0.426, ""c"": 0.149, ""m"": 0.06, ""mfe"": 1476.8}}"
1743976800,12,-2,MEGA_SHORT,SHORT,916.0,893.4607843137255,competed,gate0_r4_struct,"{""1h"": {""d"": 0.449, ""c"": 0.102, ""m"": 0.02, ""mfe"": 195.6}, ""30m"": {""d"": 0.452, ""c"": 0.096, ""m"": 0.021, ""mfe"": 195.6}, ""15m"": {""d"": 0.429, ""c"": 0.142, ""m"": 0.033, ""mfe"": -2871.9}, ""5m"": {""d"": 0.332, ""c"": 0.336, ""m"": 0.091, ""mfe"": 195.6}, ""3m"": {""d"": 0.39, ""c"": 0.221, ""m"": 0.062, ""mfe"": -3104.1}, ""1m"": {""d"": 0.773, ""c"": 0.547, ""m"": 0.196, ""mfe"": 8157.9}, ""30s"": {""d"": 0.646, ""c"": 0.291, ""m"": 0.107, ""mfe"": 195.6}, ""15s"": {""d"": 0.607, ""c"": 0.215, ""m"": 0.087, ""mfe"": -761.5}, ""5s"": {""d"": 0.678, ""c"": 0.356, ""m"": 0.149, ""mfe"": 195.6}, ""1s"": {""d"": 0.426, ""c"": 0.149, ""m"": 0.06, ""mfe"": 1476.8}}"
1743984240,7,2,MEGA_LONG,LONG,1142.5,893.4607843137255,competed,gate0_r4_struct,"{""1h"": {""d"": 0.486, ""c"": 0.029, ""m"": 0.006, ""mfe"": 195.6}, ""30m"": {""d"": 0.238, ""c"": 0.525, ""m"": 0.125, ""mfe"": 195.6}, ""15m"": {""d"": 0.797, ""c"": 0.594, ""m"": 0.157, ""mfe"": 195.6}, ""5m"": {""d"": 0.3, ""c"": 0.399, ""m"": 0.109, ""mfe"": 195.6}, ""3m"": {""d"": 0.256, ""c"": 0.487, ""m"": 0.147, ""mfe"": -1899.4}, ""1m"": {""d"": 0.688, ""c"": 0.376, ""m"": 0.126, ""mfe"": 195.6}, ""30s"": {""d"": 0.616, ""c"": 0.231, ""m"": 0.084, ""mfe"": 195.6}, ""15s"": {""d"": 0.596, ""c"": 0.192, ""m"": 0.078, ""mfe"": 768.5}, ""5s"": {""d"": 0.33, ""c"": 0.341, ""m"": 0.142, ""mfe"": 195.6}, ""1s"": {""d"": 0.65, ""c"": 0.3, ""m"": 0.124, ""mfe"": 472.4}}"
1743984240,8,2,MEGA_LONG,LONG,1316.0,893.4607843137251,competed,gate0_r4_nightmare,"{""1h"": {""d"": 0.486, ""c"": 0.029, ""m"": 0.006, ""mfe"": 195.6}, ""30m"": {""d"": 0.238, ""c"": 0.525, ""m"": 0.125, ""mfe"": 195.6}, ""15m"": {""d"": 0.797, ""c"": 0.594, ""m"": 0.157, ""mfe"": 195.6}, ""5m"": {""d"": 0.3, ""c"": 0.399, ""m"": 0.109, ""mfe"": 195.6}, ""3m"": {""d"": 0.256, ""c"": 0.487, ""m"": 0.147, ""mfe"": -1899.4}, ""1m"": {""d"": 0.688, ""c"": 0.376, ""m"": 0.126, ""mfe"": 195.6}, ""30s"": {""d"": 0.616, ""c"": 0.231, ""m"": 0.084, ""mfe"": 195.6}, ""15s"": {""d"": 0.596, ""c"": 0.192, ""m"": 0.078, ""mfe"": 768.5}, ""5s"": {""d"": 0.33, ""c"": 0.341, ""m"": 0.142, ""mfe"": 195.6}, ""1s"": {""d"": 0.65, ""c"": 0.3, ""m"": 0.124, ""mfe"": 472.4}}"
1743984240,8,2,MEGA_LONG,LONG,1316.0,893.4607843137251,competed,gate0_r4_struct,"{""1h"": {""d"": 0.486, ""c"": 0.029, ""m"": 0.006, ""mfe"": 195.6}, ""30m"": {""d"": 0.238, ""c"": 0.525, ""m"": 0.125, ""mfe"": 195.6}, ""15m"": {""d"": 0.797, ""c"": 0.594, ""m"": 0.157, ""mfe"": 195.6}, ""5m"": {""d"": 0.3, ""c"": 0.399, ""m"": 0.109, ""mfe"": 195.6}, ""3m"": {""d"": 0.256, ""c"": 0.487, ""m"": 0.147, ""mfe"": -1899.4}, ""1m"": {""d"": 0.688, ""c"": 0.376, ""m"": 0.126, ""mfe"": 195.6}, ""30s"": {""d"": 0.616, ""c"": 0.231, ""m"": 0.084, ""mfe"": 195.6}, ""15s"": {""d"": 0.596, ""c"": 0.192, ""m"": 0.078, ""mfe"": 768.5}, ""5s"": {""d"": 0.33, ""c"": 0.341, ""m"": 0.142, ""mfe"": 195.6}, ""1s"": {""d"": 0.65, ""c"": 0.3, ""m"": 0.124, ""mfe"": 472.4}}"
1743984240,9,2,MEGA_LONG,LONG,867.5,893.4607843137253,competed,gate0_r4_struct,"{""1h"": {""d"": 0.486, ""c"": 0.029, ""m"": 0.006, ""mfe"": 195.6}, ""30m"": {""d"": 0.238, ""c"": 0.525, ""m"": 0.125, ""mfe"": 195.6}, ""15m"": {""d"": 0.797, ""c"": 0.594, ""m"": 0.157, ""mfe"": 195.6}, ""5m"": {""d"": 0.3, ""c"": 0.399, ""m"": 0.109, ""mfe"": 195.6}, ""3m"": {""d"": 0.256, ""c"": 0.487, ""m"": 0.147, ""mfe"": -1899.4}, ""1m"": {""d"": 0.688, ""c"": 0.376, ""m"": 0.126, ""mfe"": 195.6}, ""30s"": {""d"": 0.616, ""c"": 0.231, ""m"": 0.084, ""mfe"": 195.6}, ""15s"": {""d"": 0.596, ""c"": 0.192, ""m"": 0.078, ""mfe"": 768.5}, ""5s"": {""d"": 0.33, ""c"": 0.341, ""m"": 0.142, ""mfe"": 195.6}, ""1s"": {""d"": 0.65, ""c"": 0.3, ""m"": 0.124, ""mfe"": 472.4}}"
1743984240,11,-2,MEGA_SHORT,SHORT,393.5,893.4607843137255,competed,gate0_r4_struct,"{""1h"": {""d"": 0.486, ""c"": 0.029, ""m"": 0.006, ""mfe"": 195.6}, ""30m"": {""d"": 0.238, ""c"": 0.525, ""m"": 0.125, ""mfe"": 195.6}, ""15m"": {""d"": 0.797, ""c"": 0.594, ""m"": 0.157, ""mfe"": 195.6}, ""5m"": {""d"": 0.3, ""c"": 0.399, ""m"": 0.109, ""mfe"": 195.6}, ""3m"": {""d"": 0.256, ""c"": 0.487, ""m"": 0.147, ""mfe"": -1899.4}, ""1m"": {""d"": 0.688, ""c"": 0.376, ""m"": 0.126, ""mfe"": 195.6}, ""30s"": {""d"": 0.616, ""c"": 0.231, ""m"": 0.084, ""mfe"": 195.6}, ""15s"": {""d"": 0.596, ""c"": 0.192, ""m"": 0.078, ""mfe"": 768.5}, ""5s"": {""d"": 0.33, ""c"": 0.341, ""m"": 0.142, ""mfe"": 195.6}, ""1s"": {""d"": 0.65, ""c"": 0.3, ""m"": 0.124, ""mfe"": 472.4}}"
1743984240,12,-2,MEGA_SHORT,SHORT,419.5,893.4607843137255,competed,gate0_r4_nightmare,"{""1h"": {""d"": 0.486, ""c"": 0.029, ""m"": 0.006, ""mfe"": 195.6}, ""30m"": {""d"": 0.238, ""c"": 0.525, ""m"": 0.125, ""mfe"": 195.6}, ""15m"": {""d"": 0.797, ""c"": 0.594, ""m"": 0.157, ""mfe"": 195.6}, ""5m"": {""d"": 0.3, ""c"": 0.399, ""m"": 0.109, ""mfe"": 195.6}, ""3m"": {""d"": 0.256, ""c"": 0.487, ""m"": 0.147, ""mfe"": -1899.4}, ""1m"": {""d"": 0.688, ""c"": 0.376, ""m"": 0.126, ""mfe"": 195.6}, ""30s"": {""d"": 0.616, ""c"": 0.231, ""m"": 0.084, ""mfe"": 195.6}, ""15s"": {""d"": 0.596, ""c"": 0.192, ""m"": 0.078, ""mfe"": 768.5}, ""5s"": {""d"": 0.33, ""c"": 0.341, ""m"": 0.142, ""mfe"": 195.6}, ""1s"": {""d"": 0.65, ""c"": 0.3, ""m"": 0.124, ""mfe"": 472.4}}"
1743984240,12,-2,MEGA_SHORT,SHORT,419.5,893.4607843137255,competed,gate0_r4_struct,"{""1h"": {""d"": 0.486, ""c"": 0.029, ""m"": 0.006, ""mfe"": 195.6}, ""30m"": {""d"": 0.238, ""c"": 0.525, ""m"": 0.125, ""mfe"": 195.6}, ""15m"": {""d"": 0.797, ""c"": 0.594, ""m"": 0.157, ""mfe"": 195.6}, ""5m"": {""d"": 0.3, ""c"": 0.399, ""m"": 0.109, ""mfe"": 195.6}, ""3m"": {""d"": 0.256, ""c"": 0.487, ""m"": 0.147, ""mfe"": -1899.4}, ""1m"": {""d"": 0.688, ""c"": 0.376, ""m"": 0.126, ""mfe"": 195.6}, ""30s"": {""d"": 0.616, ""c"": 0.231, ""m"": 0.084, ""mfe"": 195.6}, ""15s"": {""d"": 0.596, ""c"": 0.192, ""m"": 0.078, ""mfe"": 768.5}, ""5s"": {""d"": 0.33, ""c"": 0.341, ""m"": 0.142, ""mfe"": 195.6}, ""1s"": {""d"": 0.65, ""c"": 0.3, ""m"": 0.124, ""mfe"": 472.4}}"
1743984240,12,-2,MEGA_SHORT,SHORT,419.5,893.4607843137255,competed,gate0_r4_nightmare,"{""1h"": {""d"": 0.486, ""c"": 0.029, ""m"": 0.006, ""mfe"": 195.6}, ""30m"": {""d"": 0.238, ""c"": 0.525, ""m"": 0.125, ""mfe"": 195.6}, ""15m"": {""d"": 0.797, ""c"": 0.594, ""m"": 0.157, ""mfe"": 195.6}, ""5m"": {""d"": 0.3, ""c"": 0.399, ""m"": 0.109, ""mfe"": 195.6}, ""3m"": {""d"": 0.256, ""c"": 0.487, ""m"": 0.147, ""mfe"": -1899.4}, ""1m"": {""d"": 0.688, ""c"": 0.376, ""m"": 0.126, ""mfe"": 195.6}, ""30s"": {""d"": 0.616, ""c"": 0.231, ""m"": 0.084, ""mfe"": 195.6}, ""15s"": {""d"": 0.596, ""c"": 0.192, ""m"": 0.078, ""mfe"": 768.5}, ""5s"": {""d"": 0.33, ""c"": 0.341, ""m"": 0.142, ""mfe"": 195.6}, ""1s"": {""d"": 0.65, ""c"": 0.3, ""m"": 0.124, ""mfe"": 472.4}}"
1743984240,12,-2,MEGA_SHORT,SHORT,419.5,893.4607843137255,competed,gate0_r4_struct,"{""1h"": {""d"": 0.486, ""c"": 0.029, ""m"": 0.006, ""mfe"": 195.6}, ""30m"": {""d"": 0.238, ""c"": 0.525, ""m"": 0.125, ""mfe"": 195.6}, ""15m"": {""d"": 0.797, ""c"": 0.594, ""m"": 0.157, ""mfe"": 195.6}, ""5m"": {""d"": 0.3, ""c"": 0.399, ""m"": 0.109, ""mfe"": 195.6}, ""3m"": {""d"": 0.256, ""c"": 0.487, ""m"": 0.147, ""mfe"": -1899.4}, ""1m"": {""d"": 0.688, ""c"": 0.376, ""m"": 0.126, ""mfe"": 195.6}, ""30s"": {""d"": 0.616, ""c"": 0.231, ""m"": 0.084, ""mfe"": 195.6}, ""15s"": {""d"": 0.596, ""c"": 0.192, ""m"": 0.078, ""mfe"": 768.5}, ""5s"": {""d"": 0.33, ""c"": 0.341, ""m"": 0.142, ""mfe"": 195.6}, ""1s"": {""d"": 0.65, ""c"": 0.3, ""m"": 0.124, ""mfe"": 472.4}}"
1743984240,12,-2,MEGA_SHORT,SHORT,411.0,893.4607843137255,competed,gate0_r4_struct,"{""1h"": {""d"": 0.486, ""c"": 0.029, ""m"": 0.006, ""mfe"": 195.6}, ""30m"": {""d"": 0.238, ""c"": 0.525, ""m"": 0.125, ""mfe"": 195.6}, ""15m"": {""d"": 0.797, ""c"": 0.594, ""m"": 0.157, ""mfe"": 195.6}, ""5m"": {""d"": 0.3, ""c"": 0.399, ""m"": 0.109, ""mfe"": 195.6}, ""3m"": {""d"": 0.256, ""c"": 0.487, ""m"": 0.147, ""mfe"": -1899.4}, ""1m"": {""d"": 0.688, ""c"": 0.376, ""m"": 0.126, ""mfe"": 195.6}, ""30s"": {""d"": 0.616, ""c"": 0.231, ""m"": 0.084, ""mfe"": 195.6}, ""15s"": {""d"": 0.596, ""c"": 0.192, ""m"": 0.078, ""mfe"": 768.5}, ""5s"": {""d"": 0.33, ""c"": 0.341, ""m"": 0.142, ""mfe"": 195.6}, ""1s"": {""d"": 0.65, ""c"": 0.3, ""m"": 0.124, ""mfe"": 472.4}}"
1743984240,12,-2,MEGA_SHORT,SHORT,411.0,893.4607843137255,competed,gate0_r4_struct,"{""1h"": {""d"": 0.486, ""c"": 0.029, ""m"": 0.006, ""mfe"": 195.6}, ""30m"": {""d"": 0.238, ""c"": 0.525, ""m"": 0.125, ""mfe"": 195.6}, ""15m"": {""d"": 0.797, ""c"": 0.594, ""m"": 0.157, ""mfe"": 195.6}, ""5m"": {""d"": 0.3, ""c"": 0.399, ""m"": 0.109, ""mfe"": 195.6}, ""3m"": {""d"": 0.256, ""c"": 0.487, ""m"": 0.147, ""mfe"": -1899.4}, ""1m"": {""d"": 0.688, ""c"": 0.376, ""m"": 0.126, ""mfe"": 195.6}, ""30s"": {""d"": 0.616, ""c"": 0.231, ""m"": 0.084, ""mfe"": 195.6}, ""15s"": {""d"": 0.596, ""c"": 0.192, ""m"": 0.078, ""mfe"": 768.5}, ""5s"": {""d"": 0.33, ""c"": 0.341, ""m"": 0.142, ""mfe"": 195.6}, ""1s"": {""d"": 0.65, ""c"": 0.3, ""m"": 0.124, ""mfe"": 472.4}}"
1743984240,12,-2,MEGA_SHORT,SHORT,393.0,893.4607843137255,competed,gate0_r4_struct,"{""1h"": {""d"": 0.486, ""c"": 0.029, ""m"": 0.006, ""mfe"": 195.6}, ""30m"": {""d"": 0.238, ""c"": 0.525, ""m"": 0.125, ""mfe"": 195.6}, ""15m"": {""d"": 0.797, ""c"": 0.594, ""m"": 0.157, ""mfe"": 195.6}, ""5m"": {""d"": 0.3, ""c"": 0.399, ""m"": 0.109, ""mfe"": 195.6}, ""3m"": {""d"": 0.256, ""c"": 0.487, ""m"": 0.147, ""mfe"": -1899.4}, ""1m"": {""d"": 0.688, ""c"": 0.376, ""m"": 0.126, ""mfe"": 195.6}, ""30s"": {""d"": 0.616, ""c"": 0.231, ""m"": 0.084, ""mfe"": 195.6}, ""15s"": {""d"": 0.596, ""c"": 0.192, ""m"": 0.078, ""mfe"": 768.5}, ""5s"": {""d"": 0.33, ""c"": 0.341, ""m"": 0.142, ""mfe"": 195.6}, ""1s"": {""d"": 0.65, ""c"": 0.3, ""m"": 0.124, ""mfe"": 472.4}}"
1743984240,12,-2,MEGA_SHORT,SHORT,393.0,893.4607843137255,competed,gate0_r4_struct,"{""1h"": {""d"": 0.486, ""c"": 0.029, ""m"": 0.006, ""mfe"": 195.6}, ""30m"": {""d"": 0.238, ""c"": 0.525, ""m"": 0.125, ""mfe"": 195.6}, ""15m"": {""d"": 0.797, ""c"": 0.594, ""m"": 0.157, ""mfe"": 195.6}, ""5m"": {""d"": 0.3, ""c"": 0.399, ""m"": 0.109, ""mfe"": 195.6}, ""3m"": {""d"": 0.256, ""c"": 0.487, ""m"": 0.147, ""mfe"": -1899.4}, ""1m"": {""d"": 0.688, ""c"": 0.376, ""m"": 0.126, ""mfe"": 195.6}, ""30s"": {""d"": 0.616, ""c"": 0.231, ""m"": 0.084, ""mfe"": 195.6}, ""15s"": {""d"": 0.596, ""c"": 0.192, ""m"": 0.078, ""mfe"": 768.5}, ""5s"": {""d"": 0.33, ""c"": 0.341, ""m"": 0.142, ""mfe"": 195.6}, ""1s"": {""d"": 0.65, ""c"": 0.3, ""m"": 0.124, ""mfe"": 472.4}}"
1743984240,11,-2,MEGA_SHORT,SHORT,374.0,893.4607843137255,competed,gate0_r4_struct,"{""1h"": {""d"": 0.486, ""c"": 0.029, ""m"": 0.006, ""mfe"": 195.6}, ""30m"": {""d"": 0.238, ""c"": 0.525, ""m"": 0.125, ""mfe"": 195.6}, ""15m"": {""d"": 0.797, ""c"": 0.594, ""m"": 0.157, ""mfe"": 195.6}, ""5m"": {""d"": 0.3, ""c"": 0.399, ""m"": 0.109, ""mfe"": 195.6}, ""3m"": {""d"": 0.256, ""c"": 0.487, ""m"": 0.147, ""mfe"": -1899.4}, ""1m"": {""d"": 0.688, ""c"": 0.376, ""m"": 0.126, ""mfe"": 195.6}, ""30s"": {""d"": 0.616, ""c"": 0.231, ""m"": 0.084, ""mfe"": 195.6}, ""15s"": {""d"": 0.596, ""c"": 0.192, ""m"": 0.078, ""mfe"": 768.5}, ""5s"": {""d"": 0.33, ""c"": 0.341, ""m"": 0.142, ""mfe"": 195.6}, ""1s"": {""d"": 0.65, ""c"": 0.3, ""m"": 0.124, ""mfe"": 472.4}}"
1743984240,11,-2,MEGA_SHORT,SHORT,350.0,893.4607843137255,competed,gate0_r4_struct,"{""1h"": {""d"": 0.486, ""c"": 0.029, ""m"": 0.006, ""mfe"": 195.6}, ""30m"": {""d"": 0.238, ""c"": 0.525, ""m"": 0.125, ""mfe"": 195.6}, ""15m"": {""d"": 0.797, ""c"": 0.594, ""m"": 0.157, ""mfe"": 195.6}, ""5m"": {""d"": 0.3, ""c"": 0.399, ""m"": 0.109, ""mfe"": 195.6}, ""3m"": {""d"": 0.256, ""c"": 0.487, ""m"": 0.147, ""mfe"": -1899.4}, ""1m"": {""d"": 0.688, ""c"": 0.376, ""m"": 0.126, ""mfe"": 195.6}, ""30s"": {""d"": 0.616, ""c"": 0.231, ""m"": 0.084, ""mfe"": 195.6}, ""15s"": {""d"": 0.596, ""c"": 0.192, ""m"": 0.078, ""mfe"": 768.5}, ""5s"": {""d"": 0.33, ""c"": 0.341, ""m"": 0.142, ""mfe"": 195.6}, ""1s"": {""d"": 0.65, ""c"": 0.3, ""m"": 0.124, ""mfe"": 472.4}}"
1743984240,11,-2,MEGA_SHORT,SHORT,306.5,893.4607843137255,competed,gate0_r4_struct,"{""1h"": {""d"": 0.486, ""c"": 0.029, ""m"": 0.006, ""mfe"": 195.6}, ""30m"": {""d"": 0.238, ""c"": 0.525, ""m"": 0.125, ""mfe"": 195.6}, ""15m"": {""d"": 0.797, ""c"": 0.594, ""m"": 0.157, ""mfe"": 195.6}, ""5m"": {""d"": 0.3, ""c"": 0.399, ""m"": 0.109, ""mfe"": 195.6}, ""3m"": {""d"": 0.256, ""c"": 0.487, ""m"": 0.147, ""mfe"": -1899.4}, ""1m"": {""d"": 0.688, ""c"": 0.376, ""m"": 0.126, ""mfe"": 195.6}, ""30s"": {""d"": 0.616, ""c"": 0.231, ""m"": 0.084, ""mfe"": 195.6}, ""15s"": {""d"": 0.596, ""c"": 0.192, ""m"": 0.078, ""mfe"": 768.5}, ""5s"": {""d"": 0.33, ""c"": 0.341, ""m"": 0.142, ""mfe"": 195.6}, ""1s"": {""d"": 0.65, ""c"": 0.3, ""m"": 0.124, ""mfe"": 472.4}}"
1743984240,11,2,MEGA_LONG,LONG,767.5,893.4607843137255,competed,gate0_r4_struct,"{""1h"": {""d"": 0.486, ""c"": 0.029, ""m"": 0.006, ""mfe"": 195.6}, ""30m"": {""d"": 0.238, ""c"": 0.525, ""m"": 0.125, ""mfe"": 195.6}, ""15m"": {""d"": 0.797, ""c"": 0.594, ""m"": 0.157, ""mfe"": 195.6}, ""5m"": {""d"": 0.3, ""c"": 0.399, ""m"": 0.109, ""mfe"": 195.6}, ""3m"": {""d"": 0.256, ""c"": 0.487, ""m"": 0.147, ""mfe"": -1899.4}, ""1m"": {""d"": 0.688, ""c"": 0.376, ""m"": 0.126, ""mfe"": 195.6}, ""30s"": {""d"": 0.616, ""c"": 0.231, ""m"": 0.084, ""mfe"": 195.6}, ""15s"": {""d"": 0.596, ""c"": 0.192, ""m"": 0.078, ""mfe"": 768.5}, ""5s"": {""d"": 0.33, ""c"": 0.341, ""m"": 0.142, ""mfe"": 195.6}, ""1s"": {""d"": 0.65, ""c"": 0.3, ""m"": 0.124, ""mfe"": 472.4}}"
1743984240,9,2,MEGA_LONG,LONG,1110.0,893.4607843137253,competed,gate0_r4_struct,"{""1h"": {""d"": 0.486, ""c"": 0.029, ""m"": 0.006, ""mfe"": 195.6}, ""30m"": {""d"": 0.238, ""c"": 0.525, ""m"": 0.125, ""mfe"": 195.6}, ""15m"": {""d"": 0.797, ""c"": 0.594, ""m"": 0.157, ""mfe"": 195.6}, ""5m"": {""d"": 0.3, ""c"": 0.399, ""m"": 0.109, ""mfe"": 195.6}, ""3m"": {""d"": 0.256, ""c"": 0.487, ""m"": 0.147, ""mfe"": -1899.4}, ""1m"": {""d"": 0.688, ""c"": 0.376, ""m"": 0.126, ""mfe"": 195.6}, ""30s"": {""d"": 0.616, ""c"": 0.231, ""m"": 0.084, ""mfe"": 195.6}, ""15s"": {""d"": 0.596, ""c"": 0.192, ""m"": 0.078, ""mfe"": 768.5}, ""5s"": {""d"": 0.33, ""c"": 0.341, ""m"": 0.142, ""mfe"": 195.6}, ""1s"": {""d"": 0.65, ""c"": 0.3, ""m"": 0.124, ""mfe"": 472.4}}"
1743984240,11,2,MEGA_LONG,LONG,858.5,893.4607843137255,competed,gate0_r4_struct,"{""1h"": {""d"": 0.486, ""c"": 0.029, ""m"": 0.006, ""mfe"": 195.6}, ""30m"": {""d"": 0.238, ""c"": 0.525, ""m"": 0.125, ""mfe"": 195.6}, ""15m"": {""d"": 0.797, ""c"": 0.594, ""m"": 0.157, ""mfe"": 195.6}, ""5m"": {""d"": 0.3, ""c"": 0.399, ""m"": 0.109, ""mfe"": 195.6}, ""3m"": {""d"": 0.256, ""c"": 0.487, ""m"": 0.147, ""mfe"": -1899.4}, ""1m"": {""d"": 0.688, ""c"": 0.376, ""m"": 0.126, ""mfe"": 195.6}, ""30s"": {""d"": 0.616, ""c"": 0.231, ""m"": 0.084, ""mfe"": 195.6}, ""15s"": {""d"": 0.596, ""c"": 0.192, ""m"": 0.078, ""mfe"": 768.5}, ""5s"": {""d"": 0.33, ""c"": 0.341, ""m"": 0.142, ""mfe"": 195.6}, ""1s"": {""d"": 0.65, ""c"": 0.3, ""m"": 0.124, ""mfe"": 472.4}}"
1743984240,12,2,MEGA_LONG,LONG,1137.0,-1166.5285714285712,competed,gate0_r4_struct,"{""1h"": {""d"": 0.486, ""c"": 0.029, ""m"": 0.006, ""mfe"": 195.6}, ""30m"": {""d"": 0.238, ""c"": 0.525, ""m"": 0.125, ""mfe"": 195.6}, ""15m"": {""d"": 0.797, ""c"": 0.594, ""m"": 0.157, ""mfe"": 195.6}, ""5m"": {""d"": 0.3, ""c"": 0.399, ""m"": 0.109, ""mfe"": 195.6}, ""3m"": {""d"": 0.256, ""c"": 0.487, ""m"": 0.147, ""mfe"": -1899.4}, ""1m"": {""d"": 0.688, ""c"": 0.376, ""m"": 0.126, ""mfe"": 195.6}, ""30s"": {""d"": 0.616, ""c"": 0.231, ""m"": 0.084, ""mfe"": 195.6}, ""15s"": {""d"": 0.596, ""c"": 0.192, ""m"": 0.078, ""mfe"": 768.5}, ""5s"": {""d"": 0.33, ""c"": 0.341, ""m"": 0.142, ""mfe"": 195.6}, ""1s"": {""d"": 0.65, ""c"": 0.3, ""m"": 0.124, ""mfe"": 472.4}}"
1743984240,12,2,MEGA_LONG,LONG,1137.0,-1166.5285714285712,competed,gate0_r4_struct,"{""1h"": {""d"": 0.486, ""c"": 0.029, ""m"": 0.006, ""mfe"": 195.6}, ""30m"": {""d"": 0.238, ""c"": 0.525, ""m"": 0.125, ""mfe"": 195.6}, ""15m"": {""d"": 0.797, ""c"": 0.594, ""m"": 0.157, ""mfe"": 195.6}, ""5m"": {""d"": 0.3, ""c"": 0.399, ""m"": 0.109, ""mfe"": 195.6}, ""3m"": {""d"": 0.256, ""c"": 0.487, ""m"": 0.147, ""mfe"": -1899.4}, ""1m"": {""d"": 0.688, ""c"": 0.376, ""m"": 0.126, ""mfe"": 195.6}, ""30s"": {""d"": 0.616, ""c"": 0.231, ""m"": 0.084, ""mfe"": 195.6}, ""15s"": {""d"": 0.596, ""c"": 0.192, ""m"": 0.078, ""mfe"": 768.5}, ""5s"": {""d"": 0.33, ""c"": 0.341, ""m"": 0.142, ""mfe"": 195.6}, ""1s"": {""d"": 0.65, ""c"": 0.3, ""m"": 0.124, ""mfe"": 472.4}}"
1743984240,12,2,MEGA_LONG,LONG,1129.5,-1166.5285714285712,competed,gate0_r4_struct,"{""1h"": {""d"": 0.486, ""c"": 0.029, ""m"": 0.006, ""mfe"": 195.6}, ""30m"": {""d"": 0.238, ""c"": 0.525, ""m"": 0.125, ""mfe"": 195.6}, ""15m"": {""d"": 0.797, ""c"": 0.594, ""m"": 0.157, ""mfe"": 195.6}, ""5m"": {""d"": 0.3, ""c"": 0.399, ""m"": 0.109, ""mfe"": 195.6}, ""3m"": {""d"": 0.256, ""c"": 0.487, ""m"": 0.147, ""mfe"": -1899.4}, ""1m"": {""d"": 0.688, ""c"": 0.376, ""m"": 0.126, ""mfe"": 195.6}, ""30s"": {""d"": 0.616, ""c"": 0.231, ""m"": 0.084, ""mfe"": 195.6}, ""15s"": {""d"": 0.596, ""c"": 0.192, ""m"": 0.078, ""mfe"": 768.5}, ""5s"": {""d"": 0.33, ""c"": 0.341, ""m"": 0.142, ""mfe"": 195.6}, ""1s"": {""d"": 0.65, ""c"": 0.3, ""m"": 0.124, ""mfe"": 472.4}}"
1743984240,12,2,MEGA_LONG,LONG,1129.5,-1166.5285714285712,competed,gate0_r4_struct,"{""1h"": {""d"": 0.486, ""c"": 0.029, ""m"": 0.006, ""mfe"": 195.6}, ""30m"": {""d"": 0.238, ""c"": 0.525, ""m"": 0.125, ""mfe"": 195.6}, ""15m"": {""d"": 0.797, ""c"": 0.594, ""m"": 0.157, ""mfe"": 195.6}, ""5m"": {""d"": 0.3, ""c"": 0.399, ""m"": 0.109, ""mfe"": 195.6}, ""3m"": {""d"": 0.256, ""c"": 0.487, ""m"": 0.147, ""mfe"": -1899.4}, ""1m"": {""d"": 0.688, ""c"": 0.376, ""m"": 0.126, ""mfe"": 195.6}, ""30s"": {""d"": 0.616, ""c"": 0.231, ""m"": 0.084, ""mfe"": 195.6}, ""15s"": {""d"": 0.596, ""c"": 0.192, ""m"": 0.078, ""mfe"": 768.5}, ""5s"": {""d"": 0.33, ""c"": 0.341, ""m"": 0.142, ""mfe"": 195.6}, ""1s"": {""d"": 0.65, ""c"": 0.3, ""m"": 0.124, ""mfe"": 472.4}}"
1743984240,12,2,MEGA_LONG,LONG,1217.5,893.4607843137255,competed,gate0_r4_struct,"{""1h"": {""d"": 0.486, ""c"": 0.029, ""m"": 0.006, ""mfe"": 195.6}, ""30m"": {""d"": 0.238, ""c"": 0.525, ""m"": 0.125, ""mfe"": 195.6}, ""15m"": {""d"": 0.797, ""c"": 0.594, ""m"": 0.157, ""mfe"": 195.6}, ""5m"": {""d"": 0.3, ""c"": 0.399, ""m"": 0.109, ""mfe"": 195.6}, ""3m"": {""d"": 0.256, ""c"": 0.487, ""m"": 0.147, ""mfe"": -1899.4}, ""1m"": {""d"": 0.688, ""c"": 0.376, ""m"": 0.126, ""mfe"": 195.6}, ""30s"": {""d"": 0.616, ""c"": 0.231, ""m"": 0.084, ""mfe"": 195.6}, ""15s"": {""d"": 0.596, ""c"": 0.192, ""m"": 0.078, ""mfe"": 768.5}, ""5s"": {""d"": 0.33, ""c"": 0.341, ""m"": 0.142, ""mfe"": 195.6}, ""1s"": {""d"": 0.65, ""c"": 0.3, ""m"": 0.124, ""mfe"": 472.4}}"
1743984240,12,2,MEGA_LONG,LONG,1217.5,893.4607843137255,competed,gate0_r4_struct,"{""1h"": {""d"": 0.486, ""c"": 0.029, ""m"": 0.006, ""mfe"": 195.6}, ""30m"": {""d"": 0.238, ""c"": 0.525, ""m"": 0.125, ""mfe"": 195.6}, ""15m"": {""d"": 0.797, ""c"": 0.594, ""m"": 0.157, ""mfe"": 195.6}, ""5m"": {""d"": 0.3, ""c"": 0.399, ""m"": 0.109, ""mfe"": 195.6}, ""3m"": {""d"": 0.256, ""c"": 0.487, ""m"": 0.147, ""mfe"": -1899.4}, ""1m"": {""d"": 0.688, ""c"": 0.376, ""m"": 0.126, ""mfe"": 195.6}, ""30s"": {""d"": 0.616, ""c"": 0.231, ""m"": 0.084, ""mfe"": 195.6}, ""15s"": {""d"": 0.596, ""c"": 0.192, ""m"": 0.078, ""mfe"": 768.5}, ""5s"": {""d"": 0.33, ""c"": 0.341, ""m"": 0.142, ""mfe"": 195.6}, ""1s"": {""d"": 0.65, ""c"": 0.3, ""m"": 0.124, ""mfe"": 472.4}}"
1743984240,12,2,MEGA_LONG,LONG,1266.0,893.4607843137255,competed,gate0_r4_struct,"{""1h"": {""d"": 0.486, ""c"": 0.029, ""m"": 0.006, ""mfe"": 195.6}, ""30m"": {""d"": 0.238, ""c"": 0.525, ""m"": 0.125, ""mfe"": 195.6}, ""15m"": {""d"": 0.797, ""c"": 0.594, ""m"": 0.157, ""mfe"": 195.6}, ""5m"": {""d"": 0.3, ""c"": 0.399, ""m"": 0.109, ""mfe"": 195.6}, ""3m"": {""d"": 0.256, ""c"": 0.487, ""m"": 0.147, ""mfe"": -1899.4}, ""1m"": {""d"": 0.688, ""c"": 0.376, ""m"": 0.126, ""mfe"": 195.6}, ""30s"": {""d"": 0.616, ""c"": 0.231, ""m"": 0.084, ""mfe"": 195.6}, ""15s"": {""d"": 0.596, ""c"": 0.192, ""m"": 0.078, ""mfe"": 768.5}, ""5s"": {""d"": 0.33, ""c"": 0.341, ""m"": 0.142, ""mfe"": 195.6}, ""1s"": {""d"": 0.65, ""c"": 0.3, ""m"": 0.124, ""mfe"": 472.4}}"
1743984240,12,2,MEGA_LONG,LONG,1266.0,893.4607843137255,competed,gate0_r4_struct,"{""1h"": {""d"": 0.486, ""c"": 0.029, ""m"": 0.006, ""mfe"": 195.6}, ""30m"": {""d"": 0.238, ""c"": 0.525, ""m"": 0.125, ""mfe"": 195.6}, ""15m"": {""d"": 0.797, ""c"": 0.594, ""m"": 0.157, ""mfe"": 195.6}, ""5m"": {""d"": 0.3, ""c"": 0.399, ""m"": 0.109, ""mfe"": 195.6}, ""3m"": {""d"": 0.256, ""c"": 0.487, ""m"": 0.147, ""mfe"": -1899.4}, ""1m"": {""d"": 0.688, ""c"": 0.376, ""m"": 0.126, ""mfe"": 195.6}, ""30s"": {""d"": 0.616, ""c"": 0.231, ""m"": 0.084, ""mfe"": 195.6}, ""15s"": {""d"": 0.596, ""c"": 0.192, ""m"": 0.078, ""mfe"": 768.5}, ""5s"": {""d"": 0.33, ""c"": 0.341, ""m"": 0.142, ""mfe"": 195.6}, ""1s"": {""d"": 0.65, ""c"": 0.3, ""m"": 0.124, ""mfe"": 472.4}}"
1743984240,12,2,MEGA_LONG,LONG,1290.5,893.4607843137255,competed,gate0_r4_struct,"{""1h"": {""d"": 0.486, ""c"": 0.029, ""m"": 0.006, ""mfe"": 195.6}, ""30m"": {""d"": 0.238, ""c"": 0.525, ""m"": 0.125, ""mfe"": 195.6}, ""15m"": {""d"": 0.797, ""c"": 0.594, ""m"": 0.157, ""mfe"": 195.6}, ""5m"": {""d"": 0.3, ""c"": 0.399, ""m"": 0.109, ""mfe"": 195.6}, ""3m"": {""d"": 0.256, ""c"": 0.487, ""m"": 0.147, ""mfe"": -1899.4}, ""1m"": {""d"": 0.688, ""c"": 0.376, ""m"": 0.126, ""mfe"": 195.6}, ""30s"": {""d"": 0.616, ""c"": 0.231, ""m"": 0.084, ""mfe"": 195.6}, ""15s"": {""d"": 0.596, ""c"": 0.192, ""m"": 0.078, ""mfe"": 768.5}, ""5s"": {""d"": 0.33, ""c"": 0.341, ""m"": 0.142, ""mfe"": 195.6}, ""1s"": {""d"": 0.65, ""c"": 0.3, ""m"": 0.124, ""mfe"": 472.4}}"
1743984240,12,2,MEGA_LONG,LONG,1290.5,893.4607843137255,competed,gate0_r4_struct,"{""1h"": {""d"": 0.486, ""c"": 0.029, ""m"": 0.006, ""mfe"": 195.6}, ""30m"": {""d"": 0.238, ""c"": 0.525, ""m"": 0.125, ""mfe"": 195.6}, ""15m"": {""d"": 0.797, ""c"": 0.594, ""m"": 0.157, ""mfe"": 195.6}, ""5m"": {""d"": 0.3, ""c"": 0.399, ""m"": 0.109, ""mfe"": 195.6}, ""3m"": {""d"": 0.256, ""c"": 0.487, ""m"": 0.147, ""mfe"": -1899.4}, ""1m"": {""d"": 0.688, ""c"": 0.376, ""m"": 0.126, ""mfe"": 195.6}, ""30s"": {""d"": 0.616, ""c"": 0.231, ""m"": 0.084, ""mfe"": 195.6}, ""15s"": {""d"": 0.596, ""c"": 0.192, ""m"": 0.078, ""mfe"": 768.5}, ""5s"": {""d"": 0.33, ""c"": 0.341, ""m"": 0.142, ""mfe"": 195.6}, ""1s"": {""d"": 0.65, ""c"": 0.3, ""m"": 0.124, ""mfe"": 472.4}}"
